time,name,class,cpu,crashes,starttime
1398852528.555909,pcap,apps.pcap.pcap,0,0,0
1398852528.555909,sink2,Sink,0,0,0
1398852528.555909,repeat,Repeater,0,0,0
1398852528.555909,sink1,Sink,0,0,0
1398852528.555909,limit,apps.rate_limiter.rate_limiter,0,0,0
1398852528.555909,csv,apps.csv,0,0,0
1398852528.555909,tee,Tee,0,0,0
1398852528.555909,nic1,apps.intel.intel_app,0,0,0
1398852528.555909,filter,apps.packet_filter.packet_filter,0,0,0
1398852528.555909,nic2,apps.intel.intel_app,0,0,0
1398852529.556230,pcap,apps.pcap.pcap,0,0,0
1398852529.556230,sink2,Sink,0,0,0
1398852529.556230,repeat,Repeater,0,0,0
1398852529.556230,sink1,Sink,0,0,0
1398852529.556230,limit,apps.rate_limiter.rate_limiter,0,0,0
1398852529.556230,csv,apps.csv,0,0,0
1398852529.556230,tee,Tee,0,0,0
1398852529.556230,nic1,apps.intel.intel_app,0,0,0
1398852529.556230,filter,apps.packet_filter.packet_filter,0,0,0
1398852529.556230,nic2,apps.intel.intel_app,0,0,0
1398852530.559960,pcap,apps.pcap.pcap,0,0,0
1398852530.559960,sink2,Sink,0,0,0
1398852530.559960,repeat,Repeater,0,0,0
1398852530.559960,sink1,Sink,0,0,0
1398852530.559960,limit,apps.rate_limiter.rate_limiter,0,0,0
1398852530.559960,csv,apps.csv,0,0,0
1398852530.559960,tee,Tee,0,0,0
1398852530.559960,nic1,apps.intel.intel_app,0,0,0
1398852530.559960,filter,apps.packet_filter.packet_filter,0,0,0
1398852530.559960,nic2,apps.intel.intel_app,0,0,0
1398852531.556681,pcap,apps.pcap.pcap,0,0,0
1398852531.556681,sink2,Sink,0,0,0
1398852531.556681,repeat,Repeater,0,0,0
1398852531.556681,sink1,Sink,0,0,0
1398852531.556681,limit,apps.rate_limiter.rate_limiter,0,0,0
1398852531.556681,csv,apps.csv,0,0,0
1398852531.556681,tee,Tee,0,0,0
1398852531.556681,nic1,apps.intel.intel_app,0,0,0
1398852531.556681,filter,apps.packet_filter.packet_filter,0,0,0
1398852531.556681,nic2,apps.intel.intel_app,0,0,0
1398852532.557756,pcap,apps.pcap.pcap,0,0,0
1398852532.557756,sink2,Sink,0,0,0
1398852532.557756,repeat,Repeater,0,0,0
1398852532.557756,sink1,Sink,0,0,0
1398852532.557756,limit,apps.rate_limiter.rate_limiter,0,0,0
1398852532.557756,csv,apps.csv,0,0,0
1398852532.557756,tee,Tee,0,0,0
1398852532.557756,nic1,apps.intel.intel_app,0,0,0
1398852532.557756,filter,apps.packet_filter.packet_filter,0,0,0
1398852532.557756,nic2,apps.intel.intel_app,0,0,0
1398852533.556190,pcap,apps.pcap.pcap,0,0,0
1398852533.556190,sink2,Sink,0,0,0
1398852533.556190,repeat,Repeater,0,0,0
1398852533.556190,sink1,Sink,0,0,0
1398852533.556190,limit,apps.rate_limiter.rate_limiter,0,0,0
1398852533.556190,csv,apps.csv,0,0,0
1398852533.556190,tee,Tee,0,0,0
1398852533.556190,nic1,apps.intel.intel_app,0,0,0
1398852533.556190,filter,apps.packet_filter.packet_filter,0,0,0
1398852533.556190,nic2,apps.intel.intel_app,0,0,0
1398852534.558026,pcap,apps.pcap.pcap,0,0,0
1398852534.558026,sink2,Sink,0,0,0
1398852534.558026,repeat,Repeater,0,0,0
1398852534.558026,sink1,Sink,0,0,0
1398852534.558026,limit,apps.rate_limiter.rate_limiter,0,0,0
1398852534.558026,csv,apps.csv,0,0,0
1398852534.558026,tee,Tee,0,0,0
1398852534.558026,nic1,apps.intel.intel_app,0,0,0
1398852534.558026,filter,apps.packet_filter.packet_filter,0,0,0
1398852534.558026,nic2,apps.intel.intel_app,0,0,0
1398852535.557201,pcap,apps.pcap.pcap,0,0,0
1398852535.557201,sink2,Sink,0,0,0
1398852535.557201,repeat,Repeater,0,0,0
1398852535.557201,sink1,Sink,0,0,0
1398852535.557201,limit,apps.rate_limiter.rate_limiter,0,0,0
1398852535.557201,csv,apps.csv,0,0,0
1398852535.557201,tee,Tee,0,0,0
1398852535.557201,nic1,apps.intel.intel_app,0,0,0
1398852535.557201,filter,apps.packet_filter.packet_filter,0,0,0
1398852535.557201,nic2,apps.intel.intel_app,0,0,0
1398852536.559244,pcap,apps.pcap.pcap,0,0,0
1398852536.559244,sink2,Sink,0,0,0
1398852536.559244,repeat,Repeater,0,0,0
1398852536.559244,sink1,Sink,0,0,0
1398852536.559244,limit,apps.rate_limiter.rate_limiter,0,0,0
1398852536.559244,csv,apps.csv,0,0,0
1398852536.559244,tee,Tee,0,0,0
1398852536.559244,nic1,apps.intel.intel_app,0,0,0
1398852536.559244,filter,apps.packet_filter.packet_filter,0,0,0
1398852536.559244,nic2,apps.intel.intel_app,0,0,0
1398852537.558105,pcap,apps.pcap.pcap,0,0,0
1398852537.558105,sink2,Sink,0,0,0
1398852537.558105,repeat,Repeater,0,0,0
1398852537.558105,sink1,Sink,0,0,0
1398852537.558105,limit,apps.rate_limiter.rate_limiter,0,0,0
1398852537.558105,csv,apps.csv,0,0,0
1398852537.558105,tee,Tee,0,0,0
1398852537.558105,nic1,apps.intel.intel_app,0,0,0
1398852537.558105,filter,apps.packet_filter.packet_filter,0,0,0
1398852537.558105,nic2,apps.intel.intel_app,0,0,0
1398852538.558982,pcap,apps.pcap.pcap,0,0,0
1398852538.558982,sink2,Sink,0,0,0
1398852538.558982,repeat,Repeater,0,0,0
1398852538.558982,sink1,Sink,0,0,0
1398852538.558982,limit,apps.rate_limiter.rate_limiter,0,0,0
1398852538.558982,csv,apps.csv,0,0,0
1398852538.558982,tee,Tee,0,0,0
1398852538.558982,nic1,apps.intel.intel_app,0,0,0
1398852538.558982,filter,apps.packet_filter.packet_filter,0,0,0
1398852538.558982,nic2,apps.intel.intel_app,0,0,0
1398852539.557378,pcap,apps.pcap.pcap,0,0,0
1398852539.557378,sink2,Sink,0,0,0
1398852539.557378,repeat,Repeater,0,0,0
1398852539.557378,sink1,Sink,0,0,0
1398852539.557378,limit,apps.rate_limiter.rate_limiter,0,0,0
1398852539.557378,csv,apps.csv,0,0,0
1398852539.557378,tee,Tee,0,0,0
1398852539.557378,nic1,apps.intel.intel_app,0,0,0
1398852539.557378,filter,apps.packet_filter.packet_filter,0,0,0
1398852539.557378,nic2,apps.intel.intel_app,0,0,0
1398852540.561356,pcap,apps.pcap.pcap,0,0,0
1398852540.561356,sink2,Sink,0,0,0
1398852540.561356,repeat,Repeater,0,0,0
1398852540.561356,sink1,Sink,0,0,0
1398852540.561356,limit,apps.rate_limiter.rate_limiter,0,0,0
1398852540.561356,csv,apps.csv,0,0,0
1398852540.561356,tee,Tee,0,0,0
1398852540.561356,nic1,apps.intel.intel_app,0,0,0
1398852540.561356,filter,apps.packet_filter.packet_filter,0,0,0
1398852540.561356,nic2,apps.intel.intel_app,0,0,0
1398852541.560569,pcap,apps.pcap.pcap,0,0,0
1398852541.560569,sink2,Sink,0,0,0
1398852541.560569,repeat,Repeater,0,0,0
1398852541.560569,sink1,Sink,0,0,0
1398852541.560569,limit,apps.rate_limiter.rate_limiter,0,0,0
1398852541.560569,csv,apps.csv,0,0,0
1398852541.560569,tee,Tee,0,0,0
1398852541.560569,nic1,apps.intel.intel_app,0,0,0
1398852541.560569,filter,apps.packet_filter.packet_filter,0,0,0
1398852541.560569,nic2,apps.intel.intel_app,0,0,0
1398852542.557036,pcap,apps.pcap.pcap,0,0,0
1398852542.557036,sink2,Sink,0,0,0
1398852542.557036,repeat,Repeater,0,0,0
1398852542.557036,sink1,Sink,0,0,0
1398852542.557036,limit,apps.rate_limiter.rate_limiter,0,0,0
1398852542.557036,csv,apps.csv,0,0,0
1398852542.557036,tee,Tee,0,0,0
1398852542.557036,nic1,apps.intel.intel_app,0,0,0
1398852542.557036,filter,apps.packet_filter.packet_filter,0,0,0
1398852542.557036,nic2,apps.intel.intel_app,0,0,0
1398852543.558598,pcap,apps.pcap.pcap,0,0,0
1398852543.558598,sink2,Sink,0,0,0
1398852543.558598,repeat,Repeater,0,0,0
1398852543.558598,sink1,Sink,0,0,0
1398852543.558598,limit,apps.rate_limiter.rate_limiter,0,0,0
1398852543.558598,csv,apps.csv,0,0,0
1398852543.558598,tee,Tee,0,0,0
1398852543.558598,nic1,apps.intel.intel_app,0,0,0
1398852543.558598,filter,apps.packet_filter.packet_filter,0,0,0
1398852543.558598,nic2,apps.intel.intel_app,0,0,0
1398852544.558266,pcap,apps.pcap.pcap,0,0,0
1398852544.558266,sink2,Sink,0,0,0
1398852544.558266,repeat,Repeater,0,0,0
1398852544.558266,sink1,Sink,0,0,0
1398852544.558266,limit,apps.rate_limiter.rate_limiter,0,0,0
1398852544.558266,csv,apps.csv,0,0,0
1398852544.558266,tee,Tee,0,0,0
1398852544.558266,nic1,apps.intel.intel_app,0,0,0
1398852544.558266,filter,apps.packet_filter.packet_filter,0,0,0
1398852544.558266,nic2,apps.intel.intel_app,0,0,0
1398852545.559186,pcap,apps.pcap.pcap,0,0,0
1398852545.559186,sink2,Sink,0,0,0
1398852545.559186,repeat,Repeater,0,0,0
1398852545.559186,sink1,Sink,0,0,0
1398852545.559186,limit,apps.rate_limiter.rate_limiter,0,0,0
1398852545.559186,csv,apps.csv,0,0,0
1398852545.559186,tee,Tee,0,0,0
1398852545.559186,nic1,apps.intel.intel_app,0,0,0
1398852545.559186,filter,apps.packet_filter.packet_filter,0,0,0
1398852545.559186,nic2,apps.intel.intel_app,0,0,0
1398852546.560023,pcap,apps.pcap.pcap,0,0,0
1398852546.560023,sink2,Sink,0,0,0
1398852546.560023,repeat,Repeater,0,0,0
1398852546.560023,sink1,Sink,0,0,0
1398852546.560023,limit,apps.rate_limiter.rate_limiter,0,0,0
1398852546.560023,csv,apps.csv,0,0,0
1398852546.560023,tee,Tee,0,0,0
1398852546.560023,nic1,apps.intel.intel_app,0,0,0
1398852546.560023,filter,apps.packet_filter.packet_filter,0,0,0
1398852546.560023,nic2,apps.intel.intel_app,0,0,0
1398852547.556895,pcap,apps.pcap.pcap,0,0,0
1398852547.556895,sink2,Sink,0,0,0
1398852547.556895,repeat,Repeater,0,0,0
1398852547.556895,sink1,Sink,0,0,0
1398852547.556895,limit,apps.rate_limiter.rate_limiter,0,0,0
1398852547.556895,csv,apps.csv,0,0,0
1398852547.556895,tee,Tee,0,0,0
1398852547.556895,nic1,apps.intel.intel_app,0,0,0
1398852547.556895,filter,apps.packet_filter.packet_filter,0,0,0
1398852547.556895,nic2,apps.intel.intel_app,0,0,0
1398852548.558630,pcap,apps.pcap.pcap,0,0,0
1398852548.558630,sink2,Sink,0,0,0
1398852548.558630,repeat,Repeater,0,0,0
1398852548.558630,sink1,Sink,0,0,0
1398852548.558630,limit,apps.rate_limiter.rate_limiter,0,0,0
1398852548.558630,csv,apps.csv,0,0,0
1398852548.558630,tee,Tee,0,0,0
1398852548.558630,nic1,apps.intel.intel_app,0,0,0
1398852548.558630,filter,apps.packet_filter.packet_filter,0,0,0
1398852548.558630,nic2,apps.intel.intel_app,0,0,0
1398852549.556419,pcap,apps.pcap.pcap,0,0,0
1398852549.556419,sink2,Sink,0,0,0
1398852549.556419,repeat,Repeater,0,0,0
1398852549.556419,sink1,Sink,0,0,0
1398852549.556419,limit,apps.rate_limiter.rate_limiter,0,0,0
1398852549.556419,csv,apps.csv,0,0,0
1398852549.556419,tee,Tee,0,0,0
1398852549.556419,nic1,apps.intel.intel_app,0,0,0
1398852549.556419,filter,apps.packet_filter.packet_filter,0,0,0
1398852549.556419,nic2,apps.intel.intel_app,0,0,0
1398852550.558976,pcap,apps.pcap.pcap,0,0,0
1398852550.558976,sink2,Sink,0,0,0
1398852550.558976,repeat,Repeater,0,0,0
1398852550.558976,sink1,Sink,0,0,0
1398852550.558976,limit,apps.rate_limiter.rate_limiter,0,0,0
1398852550.558976,csv,apps.csv,0,0,0
1398852550.558976,tee,Tee,0,0,0
1398852550.558976,nic1,apps.intel.intel_app,0,0,0
1398852550.558976,filter,apps.packet_filter.packet_filter,0,0,0
1398852550.558976,nic2,apps.intel.intel_app,0,0,0
1398852551.557349,pcap,apps.pcap.pcap,0,0,0
1398852551.557349,sink2,Sink,0,0,0
1398852551.557349,repeat,Repeater,0,0,0
1398852551.557349,sink1,Sink,0,0,0
1398852551.557349,limit,apps.rate_limiter.rate_limiter,0,0,0
1398852551.557349,csv,apps.csv,0,0,0
1398852551.557349,tee,Tee,0,0,0
1398852551.557349,nic1,apps.intel.intel_app,0,0,0
1398852551.557349,filter,apps.packet_filter.packet_filter,0,0,0
1398852551.557349,nic2,apps.intel.intel_app,0,0,0
1398852552.559482,pcap,apps.pcap.pcap,0,0,0
1398852552.559482,sink2,Sink,0,0,0
1398852552.559482,repeat,Repeater,0,0,0
1398852552.559482,sink1,Sink,0,0,0
1398852552.559482,limit,apps.rate_limiter.rate_limiter,0,0,0
1398852552.559482,csv,apps.csv,0,0,0
1398852552.559482,tee,Tee,0,0,0
1398852552.559482,nic1,apps.intel.intel_app,0,0,0
1398852552.559482,filter,apps.packet_filter.packet_filter,0,0,0
1398852552.559482,nic2,apps.intel.intel_app,0,0,0
1398852553.561254,pcap,apps.pcap.pcap,0,0,0
1398852553.561254,sink2,Sink,0,0,0
1398852553.561254,repeat,Repeater,0,0,0
1398852553.561254,sink1,Sink,0,0,0
1398852553.561254,limit,apps.rate_limiter.rate_limiter,0,0,0
1398852553.561254,csv,apps.csv,0,0,0
1398852553.561254,tee,Tee,0,0,0
1398852553.561254,nic1,apps.intel.intel_app,0,0,0
1398852553.561254,filter,apps.packet_filter.packet_filter,0,0,0
1398852553.561254,nic2,apps.intel.intel_app,0,0,0
1398852554.557980,pcap,apps.pcap.pcap,0,0,0
1398852554.557980,sink2,Sink,0,0,0
1398852554.557980,repeat,Repeater,0,0,0
1398852554.557980,sink1,Sink,0,0,0
1398852554.557980,limit,apps.rate_limiter.rate_limiter,0,0,0
1398852554.557980,csv,apps.csv,0,0,0
1398852554.557980,tee,Tee,0,0,0
1398852554.557980,nic1,apps.intel.intel_app,0,0,0
1398852554.557980,filter,apps.packet_filter.packet_filter,0,0,0
1398852554.557980,nic2,apps.intel.intel_app,0,0,0
1398852555.556924,pcap,apps.pcap.pcap,0,0,0
1398852555.556924,sink2,Sink,0,0,0
1398852555.556924,repeat,Repeater,0,0,0
1398852555.556924,sink1,Sink,0,0,0
1398852555.556924,limit,apps.rate_limiter.rate_limiter,0,0,0
1398852555.556924,csv,apps.csv,0,0,0
1398852555.556924,tee,Tee,0,0,0
1398852555.556924,nic1,apps.intel.intel_app,0,0,0
1398852555.556924,filter,apps.packet_filter.packet_filter,0,0,0
1398852555.556924,nic2,apps.intel.intel_app,0,0,0
1398852556.556856,pcap,apps.pcap.pcap,0,0,0
1398852556.556856,sink2,Sink,0,0,0
1398852556.556856,repeat,Repeater,0,0,0
1398852556.556856,sink1,Sink,0,0,0
1398852556.556856,limit,apps.rate_limiter.rate_limiter,0,0,0
1398852556.556856,csv,apps.csv,0,0,0
1398852556.556856,tee,Tee,0,0,0
1398852556.556856,nic1,apps.intel.intel_app,0,0,0
1398852556.556856,filter,apps.packet_filter.packet_filter,0,0,0
1398852556.556856,nic2,apps.intel.intel_app,0,0,0
1398852557.556422,pcap,apps.pcap.pcap,0,0,0
1398852557.556422,sink2,Sink,0,0,0
1398852557.556422,repeat,Repeater,0,0,0
1398852557.556422,sink1,Sink,0,0,0
1398852557.556422,limit,apps.rate_limiter.rate_limiter,0,0,0
1398852557.556422,csv,apps.csv,0,0,0
1398852557.556422,tee,Tee,0,0,0
1398852557.556422,nic1,apps.intel.intel_app,0,0,0
1398852557.556422,filter,apps.packet_filter.packet_filter,0,0,0
1398852557.556422,nic2,apps.intel.intel_app,0,0,0
1398852558.559680,pcap,apps.pcap.pcap,0,0,0
1398852558.559680,sink2,Sink,0,0,0
1398852558.559680,repeat,Repeater,0,0,0
1398852558.559680,sink1,Sink,0,0,0
1398852558.559680,limit,apps.rate_limiter.rate_limiter,0,0,0
1398852558.559680,csv,apps.csv,0,0,0
1398852558.559680,tee,Tee,0,0,0
1398852558.559680,nic1,apps.intel.intel_app,0,0,0
1398852558.559680,filter,apps.packet_filter.packet_filter,0,0,0
1398852558.559680,nic2,apps.intel.intel_app,0,0,0
1398852559.560835,pcap,apps.pcap.pcap,0,0,0
1398852559.560835,sink2,Sink,0,0,0
1398852559.560835,repeat,Repeater,0,0,0
1398852559.560835,sink1,Sink,0,0,0
1398852559.560835,limit,apps.rate_limiter.rate_limiter,0,0,0
1398852559.560835,csv,apps.csv,0,0,0
1398852559.560835,tee,Tee,0,0,0
1398852559.560835,nic1,apps.intel.intel_app,0,0,0
1398852559.560835,filter,apps.packet_filter.packet_filter,0,0,0
1398852559.560835,nic2,apps.intel.intel_app,0,0,0
1398852560.557745,pcap,apps.pcap.pcap,0,0,0
1398852560.557745,sink2,Sink,0,0,0
1398852560.557745,repeat,Repeater,0,0,0
1398852560.557745,sink1,Sink,0,0,0
1398852560.557745,limit,apps.rate_limiter.rate_limiter,0,0,0
1398852560.557745,csv,apps.csv,0,0,0
1398852560.557745,tee,Tee,0,0,0
1398852560.557745,nic1,apps.intel.intel_app,0,0,0
1398852560.557745,filter,apps.packet_filter.packet_filter,0,0,0
1398852560.557745,nic2,apps.intel.intel_app,0,0,0
1398852561.559466,pcap,apps.pcap.pcap,0,0,0
1398852561.559466,sink2,Sink,0,0,0
1398852561.559466,repeat,Repeater,0,0,0
1398852561.559466,sink1,Sink,0,0,0
1398852561.559466,limit,apps.rate_limiter.rate_limiter,0,0,0
1398852561.559466,csv,apps.csv,0,0,0
1398852561.559466,tee,Tee,0,0,0
1398852561.559466,nic1,apps.intel.intel_app,0,0,0
1398852561.559466,filter,apps.packet_filter.packet_filter,0,0,0
1398852561.559466,nic2,apps.intel.intel_app,0,0,0
1398852562.557847,pcap,apps.pcap.pcap,0,0,0
1398852562.557847,sink2,Sink,0,0,0
1398852562.557847,repeat,Repeater,0,0,0
1398852562.557847,sink1,Sink,0,0,0
1398852562.557847,limit,apps.rate_limiter.rate_limiter,0,0,0
1398852562.557847,csv,apps.csv,0,0,0
1398852562.557847,tee,Tee,0,0,0
1398852562.557847,nic1,apps.intel.intel_app,0,0,0
1398852562.557847,filter,apps.packet_filter.packet_filter,0,0,0
1398852562.557847,nic2,apps.intel.intel_app,0,0,0
1398852563.557440,pcap,apps.pcap.pcap,0,0,0
1398852563.557440,sink2,Sink,0,0,0
1398852563.557440,repeat,Repeater,0,0,0
1398852563.557440,sink1,Sink,0,0,0
1398852563.557440,limit,apps.rate_limiter.rate_limiter,0,0,0
1398852563.557440,csv,apps.csv,0,0,0
1398852563.557440,tee,Tee,0,0,0
1398852563.557440,nic1,apps.intel.intel_app,0,0,0
1398852563.557440,filter,apps.packet_filter.packet_filter,0,0,0
1398852563.557440,nic2,apps.intel.intel_app,0,0,0
1398852564.556023,pcap,apps.pcap.pcap,0,0,0
1398852564.556023,sink2,Sink,0,0,0
1398852564.556023,repeat,Repeater,0,0,0
1398852564.556023,sink1,Sink,0,0,0
1398852564.556023,limit,apps.rate_limiter.rate_limiter,0,0,0
1398852564.556023,csv,apps.csv,0,0,0
1398852564.556023,tee,Tee,0,0,0
1398852564.556023,nic1,apps.intel.intel_app,0,0,0
1398852564.556023,filter,apps.packet_filter.packet_filter,0,0,0
1398852564.556023,nic2,apps.intel.intel_app,0,0,0
1398852565.557914,pcap,apps.pcap.pcap,0,0,0
1398852565.557914,sink2,Sink,0,0,0
1398852565.557914,repeat,Repeater,0,0,0
1398852565.557914,sink1,Sink,0,0,0
1398852565.557914,limit,apps.rate_limiter.rate_limiter,0,0,0
1398852565.557914,csv,apps.csv,0,0,0
1398852565.557914,tee,Tee,0,0,0
1398852565.557914,nic1,apps.intel.intel_app,0,0,0
1398852565.557914,filter,apps.packet_filter.packet_filter,0,0,0
1398852565.557914,nic2,apps.intel.intel_app,0,0,0
1398852566.558757,pcap,apps.pcap.pcap,0,0,0
1398852566.558757,sink2,Sink,0,0,0
1398852566.558757,repeat,Repeater,0,0,0
1398852566.558757,sink1,Sink,0,0,0
1398852566.558757,limit,apps.rate_limiter.rate_limiter,0,0,0
1398852566.558757,csv,apps.csv,0,0,0
1398852566.558757,tee,Tee,0,0,0
1398852566.558757,nic1,apps.intel.intel_app,0,0,0
1398852566.558757,filter,apps.packet_filter.packet_filter,0,0,0
1398852566.558757,nic2,apps.intel.intel_app,0,0,0
1398852567.557962,pcap,apps.pcap.pcap,0,0,0
1398852567.557962,sink2,Sink,0,0,0
1398852567.557962,repeat,Repeater,0,0,0
1398852567.557962,sink1,Sink,0,0,0
1398852567.557962,limit,apps.rate_limiter.rate_limiter,0,0,0
1398852567.557962,csv,apps.csv,0,0,0
1398852567.557962,tee,Tee,0,0,0
1398852567.557962,nic1,apps.intel.intel_app,0,0,0
1398852567.557962,filter,apps.packet_filter.packet_filter,0,0,0
1398852567.557962,nic2,apps.intel.intel_app,0,0,0
1398852568.557722,pcap,apps.pcap.pcap,0,0,0
1398852568.557722,sink2,Sink,0,0,0
1398852568.557722,repeat,Repeater,0,0,0
1398852568.557722,sink1,Sink,0,0,0
1398852568.557722,limit,apps.rate_limiter.rate_limiter,0,0,0
1398852568.557722,csv,apps.csv,0,0,0
1398852568.557722,tee,Tee,0,0,0
1398852568.557722,nic1,apps.intel.intel_app,0,0,0
1398852568.557722,filter,apps.packet_filter.packet_filter,0,0,0
1398852568.557722,nic2,apps.intel.intel_app,0,0,0
1398852569.560165,pcap,apps.pcap.pcap,0,0,0
1398852569.560165,sink2,Sink,0,0,0
1398852569.560165,repeat,Repeater,0,0,0
1398852569.560165,sink1,Sink,0,0,0
1398852569.560165,limit,apps.rate_limiter.rate_limiter,0,0,0
1398852569.560165,csv,apps.csv,0,0,0
1398852569.560165,tee,Tee,0,0,0
1398852569.560165,nic1,apps.intel.intel_app,0,0,0
1398852569.560165,filter,apps.packet_filter.packet_filter,0,0,0
1398852569.560165,nic2,apps.intel.intel_app,0,0,0
1398852570.559624,pcap,apps.pcap.pcap,0,0,0
1398852570.559624,sink2,Sink,0,0,0
1398852570.559624,repeat,Repeater,0,0,0
1398852570.559624,sink1,Sink,0,0,0
1398852570.559624,limit,apps.rate_limiter.rate_limiter,0,0,0
1398852570.559624,csv,apps.csv,0,0,0
1398852570.559624,tee,Tee,0,0,0
1398852570.559624,nic1,apps.intel.intel_app,0,0,0
1398852570.559624,filter,apps.packet_filter.packet_filter,0,0,0
1398852570.559624,nic2,apps.intel.intel_app,0,0,0
1398852571.560360,pcap,apps.pcap.pcap,0,0,0
1398852571.560360,sink2,Sink,0,0,0
1398852571.560360,repeat,Repeater,0,0,0
1398852571.560360,sink1,Sink,0,0,0
1398852571.560360,limit,apps.rate_limiter.rate_limiter,0,0,0
1398852571.560360,csv,apps.csv,0,0,0
1398852571.560360,tee,Tee,0,0,0
1398852571.560360,nic1,apps.intel.intel_app,0,0,0
1398852571.560360,filter,apps.packet_filter.packet_filter,0,0,0
1398852571.560360,nic2,apps.intel.intel_app,0,0,0
1398852572.557404,pcap,apps.pcap.pcap,0,0,0
1398852572.557404,sink2,Sink,0,0,0
1398852572.557404,repeat,Repeater,0,0,0
1398852572.557404,sink1,Sink,0,0,0
1398852572.557404,limit,apps.rate_limiter.rate_limiter,0,0,0
1398852572.557404,csv,apps.csv,0,0,0
1398852572.557404,tee,Tee,0,0,0
1398852572.557404,nic1,apps.intel.intel_app,0,0,0
1398852572.557404,filter,apps.packet_filter.packet_filter,0,0,0
1398852572.557404,nic2,apps.intel.intel_app,0,0,0
1398852573.558704,pcap,apps.pcap.pcap,0,0,0
1398852573.558704,sink2,Sink,0,0,0
1398852573.558704,repeat,Repeater,0,0,0
1398852573.558704,sink1,Sink,0,0,0
1398852573.558704,limit,apps.rate_limiter.rate_limiter,0,0,0
1398852573.558704,csv,apps.csv,0,0,0
1398852573.558704,tee,Tee,0,0,0
1398852573.558704,nic1,apps.intel.intel_app,0,0,0
1398852573.558704,filter,apps.packet_filter.packet_filter,0,0,0
1398852573.558704,nic2,apps.intel.intel_app,0,0,0
1398852574.558486,pcap,apps.pcap.pcap,0,0,0
1398852574.558486,sink2,Sink,0,0,0
1398852574.558486,repeat,Repeater,0,0,0
1398852574.558486,sink1,Sink,0,0,0
1398852574.558486,limit,apps.rate_limiter.rate_limiter,0,0,0
1398852574.558486,csv,apps.csv,0,0,0
1398852574.558486,tee,Tee,0,0,0
1398852574.558486,nic1,apps.intel.intel_app,0,0,0
1398852574.558486,filter,apps.packet_filter.packet_filter,0,0,0
1398852574.558486,nic2,apps.intel.intel_app,0,0,0
1398852575.558630,pcap,apps.pcap.pcap,0,0,0
1398852575.558630,sink2,Sink,0,0,0
1398852575.558630,repeat,Repeater,0,0,0
1398852575.558630,sink1,Sink,0,0,0
1398852575.558630,limit,apps.rate_limiter.rate_limiter,0,0,0
1398852575.558630,csv,apps.csv,0,0,0
1398852575.558630,tee,Tee,0,0,0
1398852575.558630,nic1,apps.intel.intel_app,0,0,0
1398852575.558630,filter,apps.packet_filter.packet_filter,0,0,0
1398852575.558630,nic2,apps.intel.intel_app,0,0,0
1398852576.556408,pcap,apps.pcap.pcap,0,0,0
1398852576.556408,sink2,Sink,0,0,0
1398852576.556408,repeat,Repeater,0,0,0
1398852576.556408,sink1,Sink,0,0,0
1398852576.556408,limit,apps.rate_limiter.rate_limiter,0,0,0
1398852576.556408,csv,apps.csv,0,0,0
1398852576.556408,tee,Tee,0,0,0
1398852576.556408,nic1,apps.intel.intel_app,0,0,0
1398852576.556408,filter,apps.packet_filter.packet_filter,0,0,0
1398852576.556408,nic2,apps.intel.intel_app,0,0,0
1398852577.555941,pcap,apps.pcap.pcap,0,0,0
1398852577.555941,sink2,Sink,0,0,0
1398852577.555941,repeat,Repeater,0,0,0
1398852577.555941,sink1,Sink,0,0,0
1398852577.555941,limit,apps.rate_limiter.rate_limiter,0,0,0
1398852577.555941,csv,apps.csv,0,0,0
1398852577.555941,tee,Tee,0,0,0
1398852577.555941,nic1,apps.intel.intel_app,0,0,0
1398852577.555941,filter,apps.packet_filter.packet_filter,0,0,0
1398852577.555941,nic2,apps.intel.intel_app,0,0,0
1398852578.557930,pcap,apps.pcap.pcap,0,0,0
1398852578.557930,sink2,Sink,0,0,0
1398852578.557930,repeat,Repeater,0,0,0
1398852578.557930,sink1,Sink,0,0,0
1398852578.557930,limit,apps.rate_limiter.rate_limiter,0,0,0
1398852578.557930,csv,apps.csv,0,0,0
1398852578.557930,tee,Tee,0,0,0
1398852578.557930,nic1,apps.intel.intel_app,0,0,0
1398852578.557930,filter,apps.packet_filter.packet_filter,0,0,0
1398852578.557930,nic2,apps.intel.intel_app,0,0,0
1398852579.558493,pcap,apps.pcap.pcap,0,0,0
1398852579.558493,sink2,Sink,0,0,0
1398852579.558493,repeat,Repeater,0,0,0
1398852579.558493,sink1,Sink,0,0,0
1398852579.558493,limit,apps.rate_limiter.rate_limiter,0,0,0
1398852579.558493,csv,apps.csv,0,0,0
1398852579.558493,tee,Tee,0,0,0
1398852579.558493,nic1,apps.intel.intel_app,0,0,0
1398852579.558493,filter,apps.packet_filter.packet_filter,0,0,0
1398852579.558493,nic2,apps.intel.intel_app,0,0,0
1398852580.558948,pcap,apps.pcap.pcap,0,0,0
1398852580.558948,sink2,Sink,0,0,0
1398852580.558948,repeat,Repeater,0,0,0
1398852580.558948,sink1,Sink,0,0,0
1398852580.558948,limit,apps.rate_limiter.rate_limiter,0,0,0
1398852580.558948,csv,apps.csv,0,0,0
1398852580.558948,tee,Tee,0,0,0
1398852580.558948,nic1,apps.intel.intel_app,0,0,0
1398852580.558948,filter,apps.packet_filter.packet_filter,0,0,0
1398852580.558948,nic2,apps.intel.intel_app,0,0,0
1398852581.556004,pcap,apps.pcap.pcap,0,0,0
1398852581.556004,sink2,Sink,0,0,0
1398852581.556004,repeat,Repeater,0,0,0
1398852581.556004,sink1,Sink,0,0,0
1398852581.556004,limit,apps.rate_limiter.rate_limiter,0,0,0
1398852581.556004,csv,apps.csv,0,0,0
1398852581.556004,tee,Tee,0,0,0
1398852581.556004,nic1,apps.intel.intel_app,0,0,0
1398852581.556004,filter,apps.packet_filter.packet_filter,0,0,0
1398852581.556004,nic2,apps.intel.intel_app,0,0,0
1398852582.558641,pcap,apps.pcap.pcap,0,0,0
1398852582.558641,sink2,Sink,0,0,0
1398852582.558641,repeat,Repeater,0,0,0
1398852582.558641,sink1,Sink,0,0,0
1398852582.558641,limit,apps.rate_limiter.rate_limiter,0,0,0
1398852582.558641,csv,apps.csv,0,0,0
1398852582.558641,tee,Tee,0,0,0
1398852582.558641,nic1,apps.intel.intel_app,0,0,0
1398852582.558641,filter,apps.packet_filter.packet_filter,0,0,0
1398852582.558641,nic2,apps.intel.intel_app,0,0,0
1398852583.559691,pcap,apps.pcap.pcap,0,0,0
1398852583.559691,sink2,Sink,0,0,0
1398852583.559691,repeat,Repeater,0,0,0
1398852583.559691,sink1,Sink,0,0,0
1398852583.559691,limit,apps.rate_limiter.rate_limiter,0,0,0
1398852583.559691,csv,apps.csv,0,0,0
1398852583.559691,tee,Tee,0,0,0
1398852583.559691,nic1,apps.intel.intel_app,0,0,0
1398852583.559691,filter,apps.packet_filter.packet_filter,0,0,0
1398852583.559691,nic2,apps.intel.intel_app,0,0,0
1398852584.560041,pcap,apps.pcap.pcap,0,0,0
1398852584.560041,sink2,Sink,0,0,0
1398852584.560041,repeat,Repeater,0,0,0
1398852584.560041,sink1,Sink,0,0,0
1398852584.560041,limit,apps.rate_limiter.rate_limiter,0,0,0
1398852584.560041,csv,apps.csv,0,0,0
1398852584.560041,tee,Tee,0,0,0
1398852584.560041,nic1,apps.intel.intel_app,0,0,0
1398852584.560041,filter,apps.packet_filter.packet_filter,0,0,0
1398852584.560041,nic2,apps.intel.intel_app,0,0,0
1398852585.560961,pcap,apps.pcap.pcap,0,0,0
1398852585.560961,sink2,Sink,0,0,0
1398852585.560961,repeat,Repeater,0,0,0
1398852585.560961,sink1,Sink,0,0,0
1398852585.560961,limit,apps.rate_limiter.rate_limiter,0,0,0
1398852585.560961,csv,apps.csv,0,0,0
1398852585.560961,tee,Tee,0,0,0
1398852585.560961,nic1,apps.intel.intel_app,0,0,0
1398852585.560961,filter,apps.packet_filter.packet_filter,0,0,0
1398852585.560961,nic2,apps.intel.intel_app,0,0,0
1398852586.559739,pcap,apps.pcap.pcap,0,0,0
1398852586.559739,sink2,Sink,0,0,0
1398852586.559739,repeat,Repeater,0,0,0
1398852586.559739,sink1,Sink,0,0,0
1398852586.559739,limit,apps.rate_limiter.rate_limiter,0,0,0
1398852586.559739,csv,apps.csv,0,0,0
1398852586.559739,tee,Tee,0,0,0
1398852586.559739,nic1,apps.intel.intel_app,0,0,0
1398852586.559739,filter,apps.packet_filter.packet_filter,0,0,0
1398852586.559739,nic2,apps.intel.intel_app,0,0,0
1398852587.558522,pcap,apps.pcap.pcap,0,0,0
1398852587.558522,sink2,Sink,0,0,0
1398852587.558522,repeat,Repeater,0,0,0
1398852587.558522,sink1,Sink,0,0,0
1398852587.558522,limit,apps.rate_limiter.rate_limiter,0,0,0
1398852587.558522,csv,apps.csv,0,0,0
1398852587.558522,tee,Tee,0,0,0
1398852587.558522,nic1,apps.intel.intel_app,0,0,0
1398852587.558522,filter,apps.packet_filter.packet_filter,0,0,0
1398852587.558522,nic2,apps.intel.intel_app,0,0,0
1398852588.559704,pcap,apps.pcap.pcap,0,0,0
1398852588.559704,sink2,Sink,0,0,0
1398852588.559704,repeat,Repeater,0,0,0
1398852588.559704,sink1,Sink,0,0,0
1398852588.559704,limit,apps.rate_limiter.rate_limiter,0,0,0
1398852588.559704,csv,apps.csv,0,0,0
1398852588.559704,tee,Tee,0,0,0
1398852588.559704,nic1,apps.intel.intel_app,0,0,0
1398852588.559704,filter,apps.packet_filter.packet_filter,0,0,0
1398852588.559704,nic2,apps.intel.intel_app,0,0,0
1398852589.558537,pcap,apps.pcap.pcap,0,0,0
1398852589.558537,sink2,Sink,0,0,0
1398852589.558537,repeat,Repeater,0,0,0
1398852589.558537,sink1,Sink,0,0,0
1398852589.558537,limit,apps.rate_limiter.rate_limiter,0,0,0
1398852589.558537,csv,apps.csv,0,0,0
1398852589.558537,tee,Tee,0,0,0
1398852589.558537,nic1,apps.intel.intel_app,0,0,0
1398852589.558537,filter,apps.packet_filter.packet_filter,0,0,0
1398852589.558537,nic2,apps.intel.intel_app,0,0,0
1398852590.558636,pcap,apps.pcap.pcap,0,0,0
1398852590.558636,sink2,Sink,0,0,0
1398852590.558636,repeat,Repeater,0,0,0
1398852590.558636,sink1,Sink,0,0,0
1398852590.558636,limit,apps.rate_limiter.rate_limiter,0,0,0
1398852590.558636,csv,apps.csv,0,0,0
1398852590.558636,tee,Tee,0,0,0
1398852590.558636,nic1,apps.intel.intel_app,0,0,0
1398852590.558636,filter,apps.packet_filter.packet_filter,0,0,0
1398852590.558636,nic2,apps.intel.intel_app,0,0,0
1398852591.559892,pcap,apps.pcap.pcap,0,0,0
1398852591.559892,sink2,Sink,0,0,0
1398852591.559892,repeat,Repeater,0,0,0
1398852591.559892,sink1,Sink,0,0,0
1398852591.559892,limit,apps.rate_limiter.rate_limiter,0,0,0
1398852591.559892,csv,apps.csv,0,0,0
1398852591.559892,tee,Tee,0,0,0
1398852591.559892,nic1,apps.intel.intel_app,0,0,0
1398852591.559892,filter,apps.packet_filter.packet_filter,0,0,0
1398852591.559892,nic2,apps.intel.intel_app,0,0,0
1398852592.559210,pcap,apps.pcap.pcap,0,0,0
1398852592.559210,sink2,Sink,0,0,0
1398852592.559210,repeat,Repeater,0,0,0
1398852592.559210,sink1,Sink,0,0,0
1398852592.559210,limit,apps.rate_limiter.rate_limiter,0,0,0
1398852592.559210,csv,apps.csv,0,0,0
1398852592.559210,tee,Tee,0,0,0
1398852592.559210,nic1,apps.intel.intel_app,0,0,0
1398852592.559210,filter,apps.packet_filter.packet_filter,0,0,0
1398852592.559210,nic2,apps.intel.intel_app,0,0,0
1398852593.557959,pcap,apps.pcap.pcap,0,0,0
1398852593.557959,sink2,Sink,0,0,0
1398852593.557959,repeat,Repeater,0,0,0
1398852593.557959,sink1,Sink,0,0,0
1398852593.557959,limit,apps.rate_limiter.rate_limiter,0,0,0
1398852593.557959,csv,apps.csv,0,0,0
1398852593.557959,tee,Tee,0,0,0
1398852593.557959,nic1,apps.intel.intel_app,0,0,0
1398852593.557959,filter,apps.packet_filter.packet_filter,0,0,0
1398852593.557959,nic2,apps.intel.intel_app,0,0,0
1398852594.559098,pcap,apps.pcap.pcap,0,0,0
1398852594.559098,sink2,Sink,0,0,0
1398852594.559098,repeat,Repeater,0,0,0
1398852594.559098,sink1,Sink,0,0,0
1398852594.559098,limit,apps.rate_limiter.rate_limiter,0,0,0
1398852594.559098,csv,apps.csv,0,0,0
1398852594.559098,tee,Tee,0,0,0
1398852594.559098,nic1,apps.intel.intel_app,0,0,0
1398852594.559098,filter,apps.packet_filter.packet_filter,0,0,0
1398852594.559098,nic2,apps.intel.intel_app,0,0,0
1398852595.557122,pcap,apps.pcap.pcap,0,0,0
1398852595.557122,sink2,Sink,0,0,0
1398852595.557122,repeat,Repeater,0,0,0
1398852595.557122,sink1,Sink,0,0,0
1398852595.557122,limit,apps.rate_limiter.rate_limiter,0,0,0
1398852595.557122,csv,apps.csv,0,0,0
1398852595.557122,tee,Tee,0,0,0
1398852595.557122,nic1,apps.intel.intel_app,0,0,0
1398852595.557122,filter,apps.packet_filter.packet_filter,0,0,0
1398852595.557122,nic2,apps.intel.intel_app,0,0,0
1398852596.561312,pcap,apps.pcap.pcap,0,0,0
1398852596.561312,sink2,Sink,0,0,0
1398852596.561312,repeat,Repeater,0,0,0
1398852596.561312,sink1,Sink,0,0,0
1398852596.561312,limit,apps.rate_limiter.rate_limiter,0,0,0
1398852596.561312,csv,apps.csv,0,0,0
1398852596.561312,tee,Tee,0,0,0
1398852596.561312,nic1,apps.intel.intel_app,0,0,0
1398852596.561312,filter,apps.packet_filter.packet_filter,0,0,0
1398852596.561312,nic2,apps.intel.intel_app,0,0,0
1398852597.561502,pcap,apps.pcap.pcap,0,0,0
1398852597.561502,sink2,Sink,0,0,0
1398852597.561502,repeat,Repeater,0,0,0
1398852597.561502,sink1,Sink,0,0,0
1398852597.561502,limit,apps.rate_limiter.rate_limiter,0,0,0
1398852597.561502,csv,apps.csv,0,0,0
1398852597.561502,tee,Tee,0,0,0
1398852597.561502,nic1,apps.intel.intel_app,0,0,0
1398852597.561502,filter,apps.packet_filter.packet_filter,0,0,0
1398852597.561502,nic2,apps.intel.intel_app,0,0,0
1398852598.560305,pcap,apps.pcap.pcap,0,0,0
1398852598.560305,sink2,Sink,0,0,0
1398852598.560305,repeat,Repeater,0,0,0
1398852598.560305,sink1,Sink,0,0,0
1398852598.560305,limit,apps.rate_limiter.rate_limiter,0,0,0
1398852598.560305,csv,apps.csv,0,0,0
1398852598.560305,tee,Tee,0,0,0
1398852598.560305,nic1,apps.intel.intel_app,0,0,0
1398852598.560305,filter,apps.packet_filter.packet_filter,0,0,0
1398852598.560305,nic2,apps.intel.intel_app,0,0,0
1398852599.556535,pcap,apps.pcap.pcap,0,0,0
1398852599.556535,sink2,Sink,0,0,0
1398852599.556535,repeat,Repeater,0,0,0
1398852599.556535,sink1,Sink,0,0,0
1398852599.556535,limit,apps.rate_limiter.rate_limiter,0,0,0
1398852599.556535,csv,apps.csv,0,0,0
1398852599.556535,tee,Tee,0,0,0
1398852599.556535,nic1,apps.intel.intel_app,0,0,0
1398852599.556535,filter,apps.packet_filter.packet_filter,0,0,0
1398852599.556535,nic2,apps.intel.intel_app,0,0,0
1398852600.558974,pcap,apps.pcap.pcap,0,0,0
1398852600.558974,sink2,Sink,0,0,0
1398852600.558974,repeat,Repeater,0,0,0
1398852600.558974,sink1,Sink,0,0,0
1398852600.558974,limit,apps.rate_limiter.rate_limiter,0,0,0
1398852600.558974,csv,apps.csv,0,0,0
1398852600.558974,tee,Tee,0,0,0
1398852600.558974,nic1,apps.intel.intel_app,0,0,0
1398852600.558974,filter,apps.packet_filter.packet_filter,0,0,0
1398852600.558974,nic2,apps.intel.intel_app,0,0,0
1398852601.559717,pcap,apps.pcap.pcap,0,0,0
1398852601.559717,sink2,Sink,0,0,0
1398852601.559717,repeat,Repeater,0,0,0
1398852601.559717,sink1,Sink,0,0,0
1398852601.559717,limit,apps.rate_limiter.rate_limiter,0,0,0
1398852601.559717,csv,apps.csv,0,0,0
1398852601.559717,tee,Tee,0,0,0
1398852601.559717,nic1,apps.intel.intel_app,0,0,0
1398852601.559717,filter,apps.packet_filter.packet_filter,0,0,0
1398852601.559717,nic2,apps.intel.intel_app,0,0,0
1398852602.559252,pcap,apps.pcap.pcap,0,0,0
1398852602.559252,sink2,Sink,0,0,0
1398852602.559252,repeat,Repeater,0,0,0
1398852602.559252,sink1,Sink,0,0,0
1398852602.559252,limit,apps.rate_limiter.rate_limiter,0,0,0
1398852602.559252,csv,apps.csv,0,0,0
1398852602.559252,tee,Tee,0,0,0
1398852602.559252,nic1,apps.intel.intel_app,0,0,0
1398852602.559252,filter,apps.packet_filter.packet_filter,0,0,0
1398852602.559252,nic2,apps.intel.intel_app,0,0,0
1398852603.561377,pcap,apps.pcap.pcap,0,0,0
1398852603.561377,sink2,Sink,0,0,0
1398852603.561377,repeat,Repeater,0,0,0
1398852603.561377,sink1,Sink,0,0,0
1398852603.561377,limit,apps.rate_limiter.rate_limiter,0,0,0
1398852603.561377,csv,apps.csv,0,0,0
1398852603.561377,tee,Tee,0,0,0
1398852603.561377,nic1,apps.intel.intel_app,0,0,0
1398852603.561377,filter,apps.packet_filter.packet_filter,0,0,0
1398852603.561377,nic2,apps.intel.intel_app,0,0,0
1398852604.557457,pcap,apps.pcap.pcap,0,0,0
1398852604.557457,sink2,Sink,0,0,0
1398852604.557457,repeat,Repeater,0,0,0
1398852604.557457,sink1,Sink,0,0,0
1398852604.557457,limit,apps.rate_limiter.rate_limiter,0,0,0
1398852604.557457,csv,apps.csv,0,0,0
1398852604.557457,tee,Tee,0,0,0
1398852604.557457,nic1,apps.intel.intel_app,0,0,0
1398852604.557457,filter,apps.packet_filter.packet_filter,0,0,0
1398852604.557457,nic2,apps.intel.intel_app,0,0,0
1398852605.556867,pcap,apps.pcap.pcap,0,0,0
1398852605.556867,sink2,Sink,0,0,0
1398852605.556867,repeat,Repeater,0,0,0
1398852605.556867,sink1,Sink,0,0,0
1398852605.556867,limit,apps.rate_limiter.rate_limiter,0,0,0
1398852605.556867,csv,apps.csv,0,0,0
1398852605.556867,tee,Tee,0,0,0
1398852605.556867,nic1,apps.intel.intel_app,0,0,0
1398852605.556867,filter,apps.packet_filter.packet_filter,0,0,0
1398852605.556867,nic2,apps.intel.intel_app,0,0,0
1398852606.556226,pcap,apps.pcap.pcap,0,0,0
1398852606.556226,sink2,Sink,0,0,0
1398852606.556226,repeat,Repeater,0,0,0
1398852606.556226,sink1,Sink,0,0,0
1398852606.556226,limit,apps.rate_limiter.rate_limiter,0,0,0
1398852606.556226,csv,apps.csv,0,0,0
1398852606.556226,tee,Tee,0,0,0
1398852606.556226,nic1,apps.intel.intel_app,0,0,0
1398852606.556226,filter,apps.packet_filter.packet_filter,0,0,0
1398852606.556226,nic2,apps.intel.intel_app,0,0,0
1398852607.559328,pcap,apps.pcap.pcap,0,0,0
1398852607.559328,sink2,Sink,0,0,0
1398852607.559328,repeat,Repeater,0,0,0
1398852607.559328,sink1,Sink,0,0,0
1398852607.559328,limit,apps.rate_limiter.rate_limiter,0,0,0
1398852607.559328,csv,apps.csv,0,0,0
1398852607.559328,tee,Tee,0,0,0
1398852607.559328,nic1,apps.intel.intel_app,0,0,0
1398852607.559328,filter,apps.packet_filter.packet_filter,0,0,0
1398852607.559328,nic2,apps.intel.intel_app,0,0,0
1398852608.557930,pcap,apps.pcap.pcap,0,0,0
1398852608.557930,sink2,Sink,0,0,0
1398852608.557930,repeat,Repeater,0,0,0
1398852608.557930,sink1,Sink,0,0,0
1398852608.557930,limit,apps.rate_limiter.rate_limiter,0,0,0
1398852608.557930,csv,apps.csv,0,0,0
1398852608.557930,tee,Tee,0,0,0
1398852608.557930,nic1,apps.intel.intel_app,0,0,0
1398852608.557930,filter,apps.packet_filter.packet_filter,0,0,0
1398852608.557930,nic2,apps.intel.intel_app,0,0,0
1398852609.559609,pcap,apps.pcap.pcap,0,0,0
1398852609.559609,sink2,Sink,0,0,0
1398852609.559609,repeat,Repeater,0,0,0
1398852609.559609,sink1,Sink,0,0,0
1398852609.559609,limit,apps.rate_limiter.rate_limiter,0,0,0
1398852609.559609,csv,apps.csv,0,0,0
1398852609.559609,tee,Tee,0,0,0
1398852609.559609,nic1,apps.intel.intel_app,0,0,0
1398852609.559609,filter,apps.packet_filter.packet_filter,0,0,0
1398852609.559609,nic2,apps.intel.intel_app,0,0,0
1398852610.557835,pcap,apps.pcap.pcap,0,0,0
1398852610.557835,sink2,Sink,0,0,0
1398852610.557835,repeat,Repeater,0,0,0
1398852610.557835,sink1,Sink,0,0,0
1398852610.557835,limit,apps.rate_limiter.rate_limiter,0,0,0
1398852610.557835,csv,apps.csv,0,0,0
1398852610.557835,tee,Tee,0,0,0
1398852610.557835,nic1,apps.intel.intel_app,0,0,0
1398852610.557835,filter,apps.packet_filter.packet_filter,0,0,0
1398852610.557835,nic2,apps.intel.intel_app,0,0,0
1398852611.557575,pcap,apps.pcap.pcap,0,0,0
1398852611.557575,sink2,Sink,0,0,0
1398852611.557575,repeat,Repeater,0,0,0
1398852611.557575,sink1,Sink,0,0,0
1398852611.557575,limit,apps.rate_limiter.rate_limiter,0,0,0
1398852611.557575,csv,apps.csv,0,0,0
1398852611.557575,tee,Tee,0,0,0
1398852611.557575,nic1,apps.intel.intel_app,0,0,0
1398852611.557575,filter,apps.packet_filter.packet_filter,0,0,0
1398852611.557575,nic2,apps.intel.intel_app,0,0,0
1398852612.556144,pcap,apps.pcap.pcap,0,0,0
1398852612.556144,sink2,Sink,0,0,0
1398852612.556144,repeat,Repeater,0,0,0
1398852612.556144,sink1,Sink,0,0,0
1398852612.556144,limit,apps.rate_limiter.rate_limiter,0,0,0
1398852612.556144,csv,apps.csv,0,0,0
1398852612.556144,tee,Tee,0,0,0
1398852612.556144,nic1,apps.intel.intel_app,0,0,0
1398852612.556144,filter,apps.packet_filter.packet_filter,0,0,0
1398852612.556144,nic2,apps.intel.intel_app,0,0,0
1398852613.559330,pcap,apps.pcap.pcap,0,0,0
1398852613.559330,sink2,Sink,0,0,0
1398852613.559330,repeat,Repeater,0,0,0
1398852613.559330,sink1,Sink,0,0,0
1398852613.559330,limit,apps.rate_limiter.rate_limiter,0,0,0
1398852613.559330,csv,apps.csv,0,0,0
1398852613.559330,tee,Tee,0,0,0
1398852613.559330,nic1,apps.intel.intel_app,0,0,0
1398852613.559330,filter,apps.packet_filter.packet_filter,0,0,0
1398852613.559330,nic2,apps.intel.intel_app,0,0,0
1398852614.557427,pcap,apps.pcap.pcap,0,0,0
1398852614.557427,sink2,Sink,0,0,0
1398852614.557427,repeat,Repeater,0,0,0
1398852614.557427,sink1,Sink,0,0,0
1398852614.557427,limit,apps.rate_limiter.rate_limiter,0,0,0
1398852614.557427,csv,apps.csv,0,0,0
1398852614.557427,tee,Tee,0,0,0
1398852614.557427,nic1,apps.intel.intel_app,0,0,0
1398852614.557427,filter,apps.packet_filter.packet_filter,0,0,0
1398852614.557427,nic2,apps.intel.intel_app,0,0,0
1398852615.560246,pcap,apps.pcap.pcap,0,0,0
1398852615.560246,sink2,Sink,0,0,0
1398852615.560246,repeat,Repeater,0,0,0
1398852615.560246,sink1,Sink,0,0,0
1398852615.560246,limit,apps.rate_limiter.rate_limiter,0,0,0
1398852615.560246,csv,apps.csv,0,0,0
1398852615.560246,tee,Tee,0,0,0
1398852615.560246,nic1,apps.intel.intel_app,0,0,0
1398852615.560246,filter,apps.packet_filter.packet_filter,0,0,0
1398852615.560246,nic2,apps.intel.intel_app,0,0,0
1398852616.559218,pcap,apps.pcap.pcap,0,0,0
1398852616.559218,sink2,Sink,0,0,0
1398852616.559218,repeat,Repeater,0,0,0
1398852616.559218,sink1,Sink,0,0,0
1398852616.559218,limit,apps.rate_limiter.rate_limiter,0,0,0
1398852616.559218,csv,apps.csv,0,0,0
1398852616.559218,tee,Tee,0,0,0
1398852616.559218,nic1,apps.intel.intel_app,0,0,0
1398852616.559218,filter,apps.packet_filter.packet_filter,0,0,0
1398852616.559218,nic2,apps.intel.intel_app,0,0,0
1398852617.559979,pcap,apps.pcap.pcap,0,0,0
1398852617.559979,sink2,Sink,0,0,0
1398852617.559979,repeat,Repeater,0,0,0
1398852617.559979,sink1,Sink,0,0,0
1398852617.559979,limit,apps.rate_limiter.rate_limiter,0,0,0
1398852617.559979,csv,apps.csv,0,0,0
1398852617.559979,tee,Tee,0,0,0
1398852617.559979,nic1,apps.intel.intel_app,0,0,0
1398852617.559979,filter,apps.packet_filter.packet_filter,0,0,0
1398852617.559979,nic2,apps.intel.intel_app,0,0,0
1398852618.559064,pcap,apps.pcap.pcap,0,0,0
1398852618.559064,sink2,Sink,0,0,0
1398852618.559064,repeat,Repeater,0,0,0
1398852618.559064,sink1,Sink,0,0,0
1398852618.559064,limit,apps.rate_limiter.rate_limiter,0,0,0
1398852618.559064,csv,apps.csv,0,0,0
1398852618.559064,tee,Tee,0,0,0
1398852618.559064,nic1,apps.intel.intel_app,0,0,0
1398852618.559064,filter,apps.packet_filter.packet_filter,0,0,0
1398852618.559064,nic2,apps.intel.intel_app,0,0,0
1398852619.559532,pcap,apps.pcap.pcap,0,0,0
1398852619.559532,sink2,Sink,0,0,0
1398852619.559532,repeat,Repeater,0,0,0
1398852619.559532,sink1,Sink,0,0,0
1398852619.559532,limit,apps.rate_limiter.rate_limiter,0,0,0
1398852619.559532,csv,apps.csv,0,0,0
1398852619.559532,tee,Tee,0,0,0
1398852619.559532,nic1,apps.intel.intel_app,0,0,0
1398852619.559532,filter,apps.packet_filter.packet_filter,0,0,0
1398852619.559532,nic2,apps.intel.intel_app,0,0,0
1398852620.559032,pcap,apps.pcap.pcap,0,0,0
1398852620.559032,sink2,Sink,0,0,0
1398852620.559032,repeat,Repeater,0,0,0
1398852620.559032,sink1,Sink,0,0,0
1398852620.559032,limit,apps.rate_limiter.rate_limiter,0,0,0
1398852620.559032,csv,apps.csv,0,0,0
1398852620.559032,tee,Tee,0,0,0
1398852620.559032,nic1,apps.intel.intel_app,0,0,0
1398852620.559032,filter,apps.packet_filter.packet_filter,0,0,0
1398852620.559032,nic2,apps.intel.intel_app,0,0,0
1398852621.559991,pcap,apps.pcap.pcap,0,0,0
1398852621.559991,sink2,Sink,0,0,0
1398852621.559991,repeat,Repeater,0,0,0
1398852621.559991,sink1,Sink,0,0,0
1398852621.559991,limit,apps.rate_limiter.rate_limiter,0,0,0
1398852621.559991,csv,apps.csv,0,0,0
1398852621.559991,tee,Tee,0,0,0
1398852621.559991,nic1,apps.intel.intel_app,0,0,0
1398852621.559991,filter,apps.packet_filter.packet_filter,0,0,0
1398852621.559991,nic2,apps.intel.intel_app,0,0,0
1398852622.561508,pcap,apps.pcap.pcap,0,0,0
1398852622.561508,sink2,Sink,0,0,0
1398852622.561508,repeat,Repeater,0,0,0
1398852622.561508,sink1,Sink,0,0,0
1398852622.561508,limit,apps.rate_limiter.rate_limiter,0,0,0
1398852622.561508,csv,apps.csv,0,0,0
1398852622.561508,tee,Tee,0,0,0
1398852622.561508,nic1,apps.intel.intel_app,0,0,0
1398852622.561508,filter,apps.packet_filter.packet_filter,0,0,0
1398852622.561508,nic2,apps.intel.intel_app,0,0,0
1398852623.559638,pcap,apps.pcap.pcap,0,0,0
1398852623.559638,sink2,Sink,0,0,0
1398852623.559638,repeat,Repeater,0,0,0
1398852623.559638,sink1,Sink,0,0,0
1398852623.559638,limit,apps.rate_limiter.rate_limiter,0,0,0
1398852623.559638,csv,apps.csv,0,0,0
1398852623.559638,tee,Tee,0,0,0
1398852623.559638,nic1,apps.intel.intel_app,0,0,0
1398852623.559638,filter,apps.packet_filter.packet_filter,0,0,0
1398852623.559638,nic2,apps.intel.intel_app,0,0,0
1398852624.557270,pcap,apps.pcap.pcap,0,0,0
1398852624.557270,sink2,Sink,0,0,0
1398852624.557270,repeat,Repeater,0,0,0
1398852624.557270,sink1,Sink,0,0,0
1398852624.557270,limit,apps.rate_limiter.rate_limiter,0,0,0
1398852624.557270,csv,apps.csv,0,0,0
1398852624.557270,tee,Tee,0,0,0
1398852624.557270,nic1,apps.intel.intel_app,0,0,0
1398852624.557270,filter,apps.packet_filter.packet_filter,0,0,0
1398852624.557270,nic2,apps.intel.intel_app,0,0,0
1398852625.558440,pcap,apps.pcap.pcap,0,0,0
1398852625.558440,sink2,Sink,0,0,0
1398852625.558440,repeat,Repeater,0,0,0
1398852625.558440,sink1,Sink,0,0,0
1398852625.558440,limit,apps.rate_limiter.rate_limiter,0,0,0
1398852625.558440,csv,apps.csv,0,0,0
1398852625.558440,tee,Tee,0,0,0
1398852625.558440,nic1,apps.intel.intel_app,0,0,0
1398852625.558440,filter,apps.packet_filter.packet_filter,0,0,0
1398852625.558440,nic2,apps.intel.intel_app,0,0,0
1398852626.556193,pcap,apps.pcap.pcap,0,0,0
1398852626.556193,sink2,Sink,0,0,0
1398852626.556193,repeat,Repeater,0,0,0
1398852626.556193,sink1,Sink,0,0,0
1398852626.556193,limit,apps.rate_limiter.rate_limiter,0,0,0
1398852626.556193,csv,apps.csv,0,0,0
1398852626.556193,tee,Tee,0,0,0
1398852626.556193,nic1,apps.intel.intel_app,0,0,0
1398852626.556193,filter,apps.packet_filter.packet_filter,0,0,0
1398852626.556193,nic2,apps.intel.intel_app,0,0,0
1398852627.560401,pcap,apps.pcap.pcap,0,0,0
1398852627.560401,sink2,Sink,0,0,0
1398852627.560401,repeat,Repeater,0,0,0
1398852627.560401,sink1,Sink,0,0,0
1398852627.560401,limit,apps.rate_limiter.rate_limiter,0,0,0
1398852627.560401,csv,apps.csv,0,0,0
1398852627.560401,tee,Tee,0,0,0
1398852627.560401,nic1,apps.intel.intel_app,0,0,0
1398852627.560401,filter,apps.packet_filter.packet_filter,0,0,0
1398852627.560401,nic2,apps.intel.intel_app,0,0,0
1398852628.561170,pcap,apps.pcap.pcap,0,0,0
1398852628.561170,sink2,Sink,0,0,0
1398852628.561170,repeat,Repeater,0,0,0
1398852628.561170,sink1,Sink,0,0,0
1398852628.561170,limit,apps.rate_limiter.rate_limiter,0,0,0
1398852628.561170,csv,apps.csv,0,0,0
1398852628.561170,tee,Tee,0,0,0
1398852628.561170,nic1,apps.intel.intel_app,0,0,0
1398852628.561170,filter,apps.packet_filter.packet_filter,0,0,0
1398852628.561170,nic2,apps.intel.intel_app,0,0,0
1398852629.556996,pcap,apps.pcap.pcap,0,0,0
1398852629.556996,sink2,Sink,0,0,0
1398852629.556996,repeat,Repeater,0,0,0
1398852629.556996,sink1,Sink,0,0,0
1398852629.556996,limit,apps.rate_limiter.rate_limiter,0,0,0
1398852629.556996,csv,apps.csv,0,0,0
1398852629.556996,tee,Tee,0,0,0
1398852629.556996,nic1,apps.intel.intel_app,0,0,0
1398852629.556996,filter,apps.packet_filter.packet_filter,0,0,0
1398852629.556996,nic2,apps.intel.intel_app,0,0,0
1398852630.556879,pcap,apps.pcap.pcap,0,0,0
1398852630.556879,sink2,Sink,0,0,0
1398852630.556879,repeat,Repeater,0,0,0
1398852630.556879,sink1,Sink,0,0,0
1398852630.556879,limit,apps.rate_limiter.rate_limiter,0,0,0
1398852630.556879,csv,apps.csv,0,0,0
1398852630.556879,tee,Tee,0,0,0
1398852630.556879,nic1,apps.intel.intel_app,0,0,0
1398852630.556879,filter,apps.packet_filter.packet_filter,0,0,0
1398852630.556879,nic2,apps.intel.intel_app,0,0,0
1398852631.556443,pcap,apps.pcap.pcap,0,0,0
1398852631.556443,sink2,Sink,0,0,0
1398852631.556443,repeat,Repeater,0,0,0
1398852631.556443,sink1,Sink,0,0,0
1398852631.556443,limit,apps.rate_limiter.rate_limiter,0,0,0
1398852631.556443,csv,apps.csv,0,0,0
1398852631.556443,tee,Tee,0,0,0
1398852631.556443,nic1,apps.intel.intel_app,0,0,0
1398852631.556443,filter,apps.packet_filter.packet_filter,0,0,0
1398852631.556443,nic2,apps.intel.intel_app,0,0,0
1398852632.556525,pcap,apps.pcap.pcap,0,0,0
1398852632.556525,sink2,Sink,0,0,0
1398852632.556525,repeat,Repeater,0,0,0
1398852632.556525,sink1,Sink,0,0,0
1398852632.556525,limit,apps.rate_limiter.rate_limiter,0,0,0
1398852632.556525,csv,apps.csv,0,0,0
1398852632.556525,tee,Tee,0,0,0
1398852632.556525,nic1,apps.intel.intel_app,0,0,0
1398852632.556525,filter,apps.packet_filter.packet_filter,0,0,0
1398852632.556525,nic2,apps.intel.intel_app,0,0,0
1398852633.560582,pcap,apps.pcap.pcap,0,0,0
1398852633.560582,sink2,Sink,0,0,0
1398852633.560582,repeat,Repeater,0,0,0
1398852633.560582,sink1,Sink,0,0,0
1398852633.560582,limit,apps.rate_limiter.rate_limiter,0,0,0
1398852633.560582,csv,apps.csv,0,0,0
1398852633.560582,tee,Tee,0,0,0
1398852633.560582,nic1,apps.intel.intel_app,0,0,0
1398852633.560582,filter,apps.packet_filter.packet_filter,0,0,0
1398852633.560582,nic2,apps.intel.intel_app,0,0,0
1398852634.556859,pcap,apps.pcap.pcap,0,0,0
1398852634.556859,sink2,Sink,0,0,0
1398852634.556859,repeat,Repeater,0,0,0
1398852634.556859,sink1,Sink,0,0,0
1398852634.556859,limit,apps.rate_limiter.rate_limiter,0,0,0
1398852634.556859,csv,apps.csv,0,0,0
1398852634.556859,tee,Tee,0,0,0
1398852634.556859,nic1,apps.intel.intel_app,0,0,0
1398852634.556859,filter,apps.packet_filter.packet_filter,0,0,0
1398852634.556859,nic2,apps.intel.intel_app,0,0,0
1398852635.556558,pcap,apps.pcap.pcap,0,0,0
1398852635.556558,sink2,Sink,0,0,0
1398852635.556558,repeat,Repeater,0,0,0
1398852635.556558,sink1,Sink,0,0,0
1398852635.556558,limit,apps.rate_limiter.rate_limiter,0,0,0
1398852635.556558,csv,apps.csv,0,0,0
1398852635.556558,tee,Tee,0,0,0
1398852635.556558,nic1,apps.intel.intel_app,0,0,0
1398852635.556558,filter,apps.packet_filter.packet_filter,0,0,0
1398852635.556558,nic2,apps.intel.intel_app,0,0,0
1398852636.558681,pcap,apps.pcap.pcap,0,0,0
1398852636.558681,sink2,Sink,0,0,0
1398852636.558681,repeat,Repeater,0,0,0
1398852636.558681,sink1,Sink,0,0,0
1398852636.558681,limit,apps.rate_limiter.rate_limiter,0,0,0
1398852636.558681,csv,apps.csv,0,0,0
1398852636.558681,tee,Tee,0,0,0
1398852636.558681,nic1,apps.intel.intel_app,0,0,0
1398852636.558681,filter,apps.packet_filter.packet_filter,0,0,0
1398852636.558681,nic2,apps.intel.intel_app,0,0,0
1398852637.556294,pcap,apps.pcap.pcap,0,0,0
1398852637.556294,sink2,Sink,0,0,0
1398852637.556294,repeat,Repeater,0,0,0
1398852637.556294,sink1,Sink,0,0,0
1398852637.556294,limit,apps.rate_limiter.rate_limiter,0,0,0
1398852637.556294,csv,apps.csv,0,0,0
1398852637.556294,tee,Tee,0,0,0
1398852637.556294,nic1,apps.intel.intel_app,0,0,0
1398852637.556294,filter,apps.packet_filter.packet_filter,0,0,0
1398852637.556294,nic2,apps.intel.intel_app,0,0,0
1398852638.559918,pcap,apps.pcap.pcap,0,0,0
1398852638.559918,sink2,Sink,0,0,0
1398852638.559918,repeat,Repeater,0,0,0
1398852638.559918,sink1,Sink,0,0,0
1398852638.559918,limit,apps.rate_limiter.rate_limiter,0,0,0
1398852638.559918,csv,apps.csv,0,0,0
1398852638.559918,tee,Tee,0,0,0
1398852638.559918,nic1,apps.intel.intel_app,0,0,0
1398852638.559918,filter,apps.packet_filter.packet_filter,0,0,0
1398852638.559918,nic2,apps.intel.intel_app,0,0,0
1398852639.557049,pcap,apps.pcap.pcap,0,0,0
1398852639.557049,sink2,Sink,0,0,0
1398852639.557049,repeat,Repeater,0,0,0
1398852639.557049,sink1,Sink,0,0,0
1398852639.557049,limit,apps.rate_limiter.rate_limiter,0,0,0
1398852639.557049,csv,apps.csv,0,0,0
1398852639.557049,tee,Tee,0,0,0
1398852639.557049,nic1,apps.intel.intel_app,0,0,0
1398852639.557049,filter,apps.packet_filter.packet_filter,0,0,0
1398852639.557049,nic2,apps.intel.intel_app,0,0,0
1398852640.559797,pcap,apps.pcap.pcap,0,0,0
1398852640.559797,sink2,Sink,0,0,0
1398852640.559797,repeat,Repeater,0,0,0
1398852640.559797,sink1,Sink,0,0,0
1398852640.559797,limit,apps.rate_limiter.rate_limiter,0,0,0
1398852640.559797,csv,apps.csv,0,0,0
1398852640.559797,tee,Tee,0,0,0
1398852640.559797,nic1,apps.intel.intel_app,0,0,0
1398852640.559797,filter,apps.packet_filter.packet_filter,0,0,0
1398852640.559797,nic2,apps.intel.intel_app,0,0,0
1398852641.556265,pcap,apps.pcap.pcap,0,0,0
1398852641.556265,sink2,Sink,0,0,0
1398852641.556265,repeat,Repeater,0,0,0
1398852641.556265,sink1,Sink,0,0,0
1398852641.556265,limit,apps.rate_limiter.rate_limiter,0,0,0
1398852641.556265,csv,apps.csv,0,0,0
1398852641.556265,tee,Tee,0,0,0
1398852641.556265,nic1,apps.intel.intel_app,0,0,0
1398852641.556265,filter,apps.packet_filter.packet_filter,0,0,0
1398852641.556265,nic2,apps.intel.intel_app,0,0,0
1398852642.557380,pcap,apps.pcap.pcap,0,0,0
1398852642.557380,sink2,Sink,0,0,0
1398852642.557380,repeat,Repeater,0,0,0
1398852642.557380,sink1,Sink,0,0,0
1398852642.557380,limit,apps.rate_limiter.rate_limiter,0,0,0
1398852642.557380,csv,apps.csv,0,0,0
1398852642.557380,tee,Tee,0,0,0
1398852642.557380,nic1,apps.intel.intel_app,0,0,0
1398852642.557380,filter,apps.packet_filter.packet_filter,0,0,0
1398852642.557380,nic2,apps.intel.intel_app,0,0,0
1398852643.558846,pcap,apps.pcap.pcap,0,0,0
1398852643.558846,sink2,Sink,0,0,0
1398852643.558846,repeat,Repeater,0,0,0
1398852643.558846,sink1,Sink,0,0,0
1398852643.558846,limit,apps.rate_limiter.rate_limiter,0,0,0
1398852643.558846,csv,apps.csv,0,0,0
1398852643.558846,tee,Tee,0,0,0
1398852643.558846,nic1,apps.intel.intel_app,0,0,0
1398852643.558846,filter,apps.packet_filter.packet_filter,0,0,0
1398852643.558846,nic2,apps.intel.intel_app,0,0,0
1398852644.560249,pcap,apps.pcap.pcap,0,0,0
1398852644.560249,sink2,Sink,0,0,0
1398852644.560249,repeat,Repeater,0,0,0
1398852644.560249,sink1,Sink,0,0,0
1398852644.560249,limit,apps.rate_limiter.rate_limiter,0,0,0
1398852644.560249,csv,apps.csv,0,0,0
1398852644.560249,tee,Tee,0,0,0
1398852644.560249,nic1,apps.intel.intel_app,0,0,0
1398852644.560249,filter,apps.packet_filter.packet_filter,0,0,0
1398852644.560249,nic2,apps.intel.intel_app,0,0,0
1398852645.556007,pcap,apps.pcap.pcap,0,0,0
1398852645.556007,sink2,Sink,0,0,0
1398852645.556007,repeat,Repeater,0,0,0
1398852645.556007,sink1,Sink,0,0,0
1398852645.556007,limit,apps.rate_limiter.rate_limiter,0,0,0
1398852645.556007,csv,apps.csv,0,0,0
1398852645.556007,tee,Tee,0,0,0
1398852645.556007,nic1,apps.intel.intel_app,0,0,0
1398852645.556007,filter,apps.packet_filter.packet_filter,0,0,0
1398852645.556007,nic2,apps.intel.intel_app,0,0,0
1398852646.559864,pcap,apps.pcap.pcap,0,0,0
1398852646.559864,sink2,Sink,0,0,0
1398852646.559864,repeat,Repeater,0,0,0
1398852646.559864,sink1,Sink,0,0,0
1398852646.559864,limit,apps.rate_limiter.rate_limiter,0,0,0
1398852646.559864,csv,apps.csv,0,0,0
1398852646.559864,tee,Tee,0,0,0
1398852646.559864,nic1,apps.intel.intel_app,0,0,0
1398852646.559864,filter,apps.packet_filter.packet_filter,0,0,0
1398852646.559864,nic2,apps.intel.intel_app,0,0,0
1398852647.556095,pcap,apps.pcap.pcap,0,0,0
1398852647.556095,sink2,Sink,0,0,0
1398852647.556095,repeat,Repeater,0,0,0
1398852647.556095,sink1,Sink,0,0,0
1398852647.556095,limit,apps.rate_limiter.rate_limiter,0,0,0
1398852647.556095,csv,apps.csv,0,0,0
1398852647.556095,tee,Tee,0,0,0
1398852647.556095,nic1,apps.intel.intel_app,0,0,0
1398852647.556095,filter,apps.packet_filter.packet_filter,0,0,0
1398852647.556095,nic2,apps.intel.intel_app,0,0,0
1398852648.559164,pcap,apps.pcap.pcap,0,0,0
1398852648.559164,sink2,Sink,0,0,0
1398852648.559164,repeat,Repeater,0,0,0
1398852648.559164,sink1,Sink,0,0,0
1398852648.559164,limit,apps.rate_limiter.rate_limiter,0,0,0
1398852648.559164,csv,apps.csv,0,0,0
1398852648.559164,tee,Tee,0,0,0
1398852648.559164,nic1,apps.intel.intel_app,0,0,0
1398852648.559164,filter,apps.packet_filter.packet_filter,0,0,0
1398852648.559164,nic2,apps.intel.intel_app,0,0,0
1398852649.556427,pcap,apps.pcap.pcap,0,0,0
1398852649.556427,sink2,Sink,0,0,0
1398852649.556427,repeat,Repeater,0,0,0
1398852649.556427,sink1,Sink,0,0,0
1398852649.556427,limit,apps.rate_limiter.rate_limiter,0,0,0
1398852649.556427,csv,apps.csv,0,0,0
1398852649.556427,tee,Tee,0,0,0
1398852649.556427,nic1,apps.intel.intel_app,0,0,0
1398852649.556427,filter,apps.packet_filter.packet_filter,0,0,0
1398852649.556427,nic2,apps.intel.intel_app,0,0,0
1398852650.559669,pcap,apps.pcap.pcap,0,0,0
1398852650.559669,sink2,Sink,0,0,0
1398852650.559669,repeat,Repeater,0,0,0
1398852650.559669,sink1,Sink,0,0,0
1398852650.559669,limit,apps.rate_limiter.rate_limiter,0,0,0
1398852650.559669,csv,apps.csv,0,0,0
1398852650.559669,tee,Tee,0,0,0
1398852650.559669,nic1,apps.intel.intel_app,0,0,0
1398852650.559669,filter,apps.packet_filter.packet_filter,0,0,0
1398852650.559669,nic2,apps.intel.intel_app,0,0,0
1398852651.556937,pcap,apps.pcap.pcap,0,0,0
1398852651.556937,sink2,Sink,0,0,0
1398852651.556937,repeat,Repeater,0,0,0
1398852651.556937,sink1,Sink,0,0,0
1398852651.556937,limit,apps.rate_limiter.rate_limiter,0,0,0
1398852651.556937,csv,apps.csv,0,0,0
1398852651.556937,tee,Tee,0,0,0
1398852651.556937,nic1,apps.intel.intel_app,0,0,0
1398852651.556937,filter,apps.packet_filter.packet_filter,0,0,0
1398852651.556937,nic2,apps.intel.intel_app,0,0,0
1398852652.557348,pcap,apps.pcap.pcap,0,0,0
1398852652.557348,sink2,Sink,0,0,0
1398852652.557348,repeat,Repeater,0,0,0
1398852652.557348,sink1,Sink,0,0,0
1398852652.557348,limit,apps.rate_limiter.rate_limiter,0,0,0
1398852652.557348,csv,apps.csv,0,0,0
1398852652.557348,tee,Tee,0,0,0
1398852652.557348,nic1,apps.intel.intel_app,0,0,0
1398852652.557348,filter,apps.packet_filter.packet_filter,0,0,0
1398852652.557348,nic2,apps.intel.intel_app,0,0,0
1398852653.560543,pcap,apps.pcap.pcap,0,0,0
1398852653.560543,sink2,Sink,0,0,0
1398852653.560543,repeat,Repeater,0,0,0
1398852653.560543,sink1,Sink,0,0,0
1398852653.560543,limit,apps.rate_limiter.rate_limiter,0,0,0
1398852653.560543,csv,apps.csv,0,0,0
1398852653.560543,tee,Tee,0,0,0
1398852653.560543,nic1,apps.intel.intel_app,0,0,0
1398852653.560543,filter,apps.packet_filter.packet_filter,0,0,0
1398852653.560543,nic2,apps.intel.intel_app,0,0,0
1398852654.558778,pcap,apps.pcap.pcap,0,0,0
1398852654.558778,sink2,Sink,0,0,0
1398852654.558778,repeat,Repeater,0,0,0
1398852654.558778,sink1,Sink,0,0,0
1398852654.558778,limit,apps.rate_limiter.rate_limiter,0,0,0
1398852654.558778,csv,apps.csv,0,0,0
1398852654.558778,tee,Tee,0,0,0
1398852654.558778,nic1,apps.intel.intel_app,0,0,0
1398852654.558778,filter,apps.packet_filter.packet_filter,0,0,0
1398852654.558778,nic2,apps.intel.intel_app,0,0,0
1398852655.559215,pcap,apps.pcap.pcap,0,0,0
1398852655.559215,sink2,Sink,0,0,0
1398852655.559215,repeat,Repeater,0,0,0
1398852655.559215,sink1,Sink,0,0,0
1398852655.559215,limit,apps.rate_limiter.rate_limiter,0,0,0
1398852655.559215,csv,apps.csv,0,0,0
1398852655.559215,tee,Tee,0,0,0
1398852655.559215,nic1,apps.intel.intel_app,0,0,0
1398852655.559215,filter,apps.packet_filter.packet_filter,0,0,0
1398852655.559215,nic2,apps.intel.intel_app,0,0,0
1398852656.556481,pcap,apps.pcap.pcap,0,0,0
1398852656.556481,sink2,Sink,0,0,0
1398852656.556481,repeat,Repeater,0,0,0
1398852656.556481,sink1,Sink,0,0,0
1398852656.556481,limit,apps.rate_limiter.rate_limiter,0,0,0
1398852656.556481,csv,apps.csv,0,0,0
1398852656.556481,tee,Tee,0,0,0
1398852656.556481,nic1,apps.intel.intel_app,0,0,0
1398852656.556481,filter,apps.packet_filter.packet_filter,0,0,0
1398852656.556481,nic2,apps.intel.intel_app,0,0,0
1398852657.557677,pcap,apps.pcap.pcap,0,0,0
1398852657.557677,sink2,Sink,0,0,0
1398852657.557677,repeat,Repeater,0,0,0
1398852657.557677,sink1,Sink,0,0,0
1398852657.557677,limit,apps.rate_limiter.rate_limiter,0,0,0
1398852657.557677,csv,apps.csv,0,0,0
1398852657.557677,tee,Tee,0,0,0
1398852657.557677,nic1,apps.intel.intel_app,0,0,0
1398852657.557677,filter,apps.packet_filter.packet_filter,0,0,0
1398852657.557677,nic2,apps.intel.intel_app,0,0,0
1398852658.560821,pcap,apps.pcap.pcap,0,0,0
1398852658.560821,sink2,Sink,0,0,0
1398852658.560821,repeat,Repeater,0,0,0
1398852658.560821,sink1,Sink,0,0,0
1398852658.560821,limit,apps.rate_limiter.rate_limiter,0,0,0
1398852658.560821,csv,apps.csv,0,0,0
1398852658.560821,tee,Tee,0,0,0
1398852658.560821,nic1,apps.intel.intel_app,0,0,0
1398852658.560821,filter,apps.packet_filter.packet_filter,0,0,0
1398852658.560821,nic2,apps.intel.intel_app,0,0,0
1398852659.560204,pcap,apps.pcap.pcap,0,0,0
1398852659.560204,sink2,Sink,0,0,0
1398852659.560204,repeat,Repeater,0,0,0
1398852659.560204,sink1,Sink,0,0,0
1398852659.560204,limit,apps.rate_limiter.rate_limiter,0,0,0
1398852659.560204,csv,apps.csv,0,0,0
1398852659.560204,tee,Tee,0,0,0
1398852659.560204,nic1,apps.intel.intel_app,0,0,0
1398852659.560204,filter,apps.packet_filter.packet_filter,0,0,0
1398852659.560204,nic2,apps.intel.intel_app,0,0,0
1398852660.559551,pcap,apps.pcap.pcap,0,0,0
1398852660.559551,sink2,Sink,0,0,0
1398852660.559551,repeat,Repeater,0,0,0
1398852660.559551,sink1,Sink,0,0,0
1398852660.559551,limit,apps.rate_limiter.rate_limiter,0,0,0
1398852660.559551,csv,apps.csv,0,0,0
1398852660.559551,tee,Tee,0,0,0
1398852660.559551,nic1,apps.intel.intel_app,0,0,0
1398852660.559551,filter,apps.packet_filter.packet_filter,0,0,0
1398852660.559551,nic2,apps.intel.intel_app,0,0,0
1398852661.558103,pcap,apps.pcap.pcap,0,0,0
1398852661.558103,sink2,Sink,0,0,0
1398852661.558103,repeat,Repeater,0,0,0
1398852661.558103,sink1,Sink,0,0,0
1398852661.558103,limit,apps.rate_limiter.rate_limiter,0,0,0
1398852661.558103,csv,apps.csv,0,0,0
1398852661.558103,tee,Tee,0,0,0
1398852661.558103,nic1,apps.intel.intel_app,0,0,0
1398852661.558103,filter,apps.packet_filter.packet_filter,0,0,0
1398852661.558103,nic2,apps.intel.intel_app,0,0,0
1398852662.559634,pcap,apps.pcap.pcap,0,0,0
1398852662.559634,sink2,Sink,0,0,0
1398852662.559634,repeat,Repeater,0,0,0
1398852662.559634,sink1,Sink,0,0,0
1398852662.559634,limit,apps.rate_limiter.rate_limiter,0,0,0
1398852662.559634,csv,apps.csv,0,0,0
1398852662.559634,tee,Tee,0,0,0
1398852662.559634,nic1,apps.intel.intel_app,0,0,0
1398852662.559634,filter,apps.packet_filter.packet_filter,0,0,0
1398852662.559634,nic2,apps.intel.intel_app,0,0,0
1398852663.556771,pcap,apps.pcap.pcap,0,0,0
1398852663.556771,sink2,Sink,0,0,0
1398852663.556771,repeat,Repeater,0,0,0
1398852663.556771,sink1,Sink,0,0,0
1398852663.556771,limit,apps.rate_limiter.rate_limiter,0,0,0
1398852663.556771,csv,apps.csv,0,0,0
1398852663.556771,tee,Tee,0,0,0
1398852663.556771,nic1,apps.intel.intel_app,0,0,0
1398852663.556771,filter,apps.packet_filter.packet_filter,0,0,0
1398852663.556771,nic2,apps.intel.intel_app,0,0,0
1398852664.556244,pcap,apps.pcap.pcap,0,0,0
1398852664.556244,sink2,Sink,0,0,0
1398852664.556244,repeat,Repeater,0,0,0
1398852664.556244,sink1,Sink,0,0,0
1398852664.556244,limit,apps.rate_limiter.rate_limiter,0,0,0
1398852664.556244,csv,apps.csv,0,0,0
1398852664.556244,tee,Tee,0,0,0
1398852664.556244,nic1,apps.intel.intel_app,0,0,0
1398852664.556244,filter,apps.packet_filter.packet_filter,0,0,0
1398852664.556244,nic2,apps.intel.intel_app,0,0,0
1398852665.557977,pcap,apps.pcap.pcap,0,0,0
1398852665.557977,sink2,Sink,0,0,0
1398852665.557977,repeat,Repeater,0,0,0
1398852665.557977,sink1,Sink,0,0,0
1398852665.557977,limit,apps.rate_limiter.rate_limiter,0,0,0
1398852665.557977,csv,apps.csv,0,0,0
1398852665.557977,tee,Tee,0,0,0
1398852665.557977,nic1,apps.intel.intel_app,0,0,0
1398852665.557977,filter,apps.packet_filter.packet_filter,0,0,0
1398852665.557977,nic2,apps.intel.intel_app,0,0,0
1398852666.558093,pcap,apps.pcap.pcap,0,0,0
1398852666.558093,sink2,Sink,0,0,0
1398852666.558093,repeat,Repeater,0,0,0
1398852666.558093,sink1,Sink,0,0,0
1398852666.558093,limit,apps.rate_limiter.rate_limiter,0,0,0
1398852666.558093,csv,apps.csv,0,0,0
1398852666.558093,tee,Tee,0,0,0
1398852666.558093,nic1,apps.intel.intel_app,0,0,0
1398852666.558093,filter,apps.packet_filter.packet_filter,0,0,0
1398852666.558093,nic2,apps.intel.intel_app,0,0,0
1398852667.557897,pcap,apps.pcap.pcap,0,0,0
1398852667.557897,sink2,Sink,0,0,0
1398852667.557897,repeat,Repeater,0,0,0
1398852667.557897,sink1,Sink,0,0,0
1398852667.557897,limit,apps.rate_limiter.rate_limiter,0,0,0
1398852667.557897,csv,apps.csv,0,0,0
1398852667.557897,tee,Tee,0,0,0
1398852667.557897,nic1,apps.intel.intel_app,0,0,0
1398852667.557897,filter,apps.packet_filter.packet_filter,0,0,0
1398852667.557897,nic2,apps.intel.intel_app,0,0,0
1398852668.558934,pcap,apps.pcap.pcap,0,0,0
1398852668.558934,sink2,Sink,0,0,0
1398852668.558934,repeat,Repeater,0,0,0
1398852668.558934,sink1,Sink,0,0,0
1398852668.558934,limit,apps.rate_limiter.rate_limiter,0,0,0
1398852668.558934,csv,apps.csv,0,0,0
1398852668.558934,tee,Tee,0,0,0
1398852668.558934,nic1,apps.intel.intel_app,0,0,0
1398852668.558934,filter,apps.packet_filter.packet_filter,0,0,0
1398852668.558934,nic2,apps.intel.intel_app,0,0,0
1398852669.558563,pcap,apps.pcap.pcap,0,0,0
1398852669.558563,sink2,Sink,0,0,0
1398852669.558563,repeat,Repeater,0,0,0
1398852669.558563,sink1,Sink,0,0,0
1398852669.558563,limit,apps.rate_limiter.rate_limiter,0,0,0
1398852669.558563,csv,apps.csv,0,0,0
1398852669.558563,tee,Tee,0,0,0
1398852669.558563,nic1,apps.intel.intel_app,0,0,0
1398852669.558563,filter,apps.packet_filter.packet_filter,0,0,0
1398852669.558563,nic2,apps.intel.intel_app,0,0,0
1398852670.559153,pcap,apps.pcap.pcap,0,0,0
1398852670.559153,sink2,Sink,0,0,0
1398852670.559153,repeat,Repeater,0,0,0
1398852670.559153,sink1,Sink,0,0,0
1398852670.559153,limit,apps.rate_limiter.rate_limiter,0,0,0
1398852670.559153,csv,apps.csv,0,0,0
1398852670.559153,tee,Tee,0,0,0
1398852670.559153,nic1,apps.intel.intel_app,0,0,0
1398852670.559153,filter,apps.packet_filter.packet_filter,0,0,0
1398852670.559153,nic2,apps.intel.intel_app,0,0,0
1398852671.556502,pcap,apps.pcap.pcap,0,0,0
1398852671.556502,sink2,Sink,0,0,0
1398852671.556502,repeat,Repeater,0,0,0
1398852671.556502,sink1,Sink,0,0,0
1398852671.556502,limit,apps.rate_limiter.rate_limiter,0,0,0
1398852671.556502,csv,apps.csv,0,0,0
1398852671.556502,tee,Tee,0,0,0
1398852671.556502,nic1,apps.intel.intel_app,0,0,0
1398852671.556502,filter,apps.packet_filter.packet_filter,0,0,0
1398852671.556502,nic2,apps.intel.intel_app,0,0,0
1398852672.558479,pcap,apps.pcap.pcap,0,0,0
1398852672.558479,sink2,Sink,0,0,0
1398852672.558479,repeat,Repeater,0,0,0
1398852672.558479,sink1,Sink,0,0,0
1398852672.558479,limit,apps.rate_limiter.rate_limiter,0,0,0
1398852672.558479,csv,apps.csv,0,0,0
1398852672.558479,tee,Tee,0,0,0
1398852672.558479,nic1,apps.intel.intel_app,0,0,0
1398852672.558479,filter,apps.packet_filter.packet_filter,0,0,0
1398852672.558479,nic2,apps.intel.intel_app,0,0,0
1398852673.559609,pcap,apps.pcap.pcap,0,0,0
1398852673.559609,sink2,Sink,0,0,0
1398852673.559609,repeat,Repeater,0,0,0
1398852673.559609,sink1,Sink,0,0,0
1398852673.559609,limit,apps.rate_limiter.rate_limiter,0,0,0
1398852673.559609,csv,apps.csv,0,0,0
1398852673.559609,tee,Tee,0,0,0
1398852673.559609,nic1,apps.intel.intel_app,0,0,0
1398852673.559609,filter,apps.packet_filter.packet_filter,0,0,0
1398852673.559609,nic2,apps.intel.intel_app,0,0,0
1398852674.557417,pcap,apps.pcap.pcap,0,0,0
1398852674.557417,sink2,Sink,0,0,0
1398852674.557417,repeat,Repeater,0,0,0
1398852674.557417,sink1,Sink,0,0,0
1398852674.557417,limit,apps.rate_limiter.rate_limiter,0,0,0
1398852674.557417,csv,apps.csv,0,0,0
1398852674.557417,tee,Tee,0,0,0
1398852674.557417,nic1,apps.intel.intel_app,0,0,0
1398852674.557417,filter,apps.packet_filter.packet_filter,0,0,0
1398852674.557417,nic2,apps.intel.intel_app,0,0,0
1398852675.558985,pcap,apps.pcap.pcap,0,0,0
1398852675.558985,sink2,Sink,0,0,0
1398852675.558985,repeat,Repeater,0,0,0
1398852675.558985,sink1,Sink,0,0,0
1398852675.558985,limit,apps.rate_limiter.rate_limiter,0,0,0
1398852675.558985,csv,apps.csv,0,0,0
1398852675.558985,tee,Tee,0,0,0
1398852675.558985,nic1,apps.intel.intel_app,0,0,0
1398852675.558985,filter,apps.packet_filter.packet_filter,0,0,0
1398852675.558985,nic2,apps.intel.intel_app,0,0,0
1398852676.560137,pcap,apps.pcap.pcap,0,0,0
1398852676.560137,sink2,Sink,0,0,0
1398852676.560137,repeat,Repeater,0,0,0
1398852676.560137,sink1,Sink,0,0,0
1398852676.560137,limit,apps.rate_limiter.rate_limiter,0,0,0
1398852676.560137,csv,apps.csv,0,0,0
1398852676.560137,tee,Tee,0,0,0
1398852676.560137,nic1,apps.intel.intel_app,0,0,0
1398852676.560137,filter,apps.packet_filter.packet_filter,0,0,0
1398852676.560137,nic2,apps.intel.intel_app,0,0,0
1398852677.556695,pcap,apps.pcap.pcap,0,0,0
1398852677.556695,sink2,Sink,0,0,0
1398852677.556695,repeat,Repeater,0,0,0
1398852677.556695,sink1,Sink,0,0,0
1398852677.556695,limit,apps.rate_limiter.rate_limiter,0,0,0
1398852677.556695,csv,apps.csv,0,0,0
1398852677.556695,tee,Tee,0,0,0
1398852677.556695,nic1,apps.intel.intel_app,0,0,0
1398852677.556695,filter,apps.packet_filter.packet_filter,0,0,0
1398852677.556695,nic2,apps.intel.intel_app,0,0,0
1398852678.560806,pcap,apps.pcap.pcap,0,0,0
1398852678.560806,sink2,Sink,0,0,0
1398852678.560806,repeat,Repeater,0,0,0
1398852678.560806,sink1,Sink,0,0,0
1398852678.560806,limit,apps.rate_limiter.rate_limiter,0,0,0
1398852678.560806,csv,apps.csv,0,0,0
1398852678.560806,tee,Tee,0,0,0
1398852678.560806,nic1,apps.intel.intel_app,0,0,0
1398852678.560806,filter,apps.packet_filter.packet_filter,0,0,0
1398852678.560806,nic2,apps.intel.intel_app,0,0,0
1398852679.559044,pcap,apps.pcap.pcap,0,0,0
1398852679.559044,sink2,Sink,0,0,0
1398852679.559044,repeat,Repeater,0,0,0
1398852679.559044,sink1,Sink,0,0,0
1398852679.559044,limit,apps.rate_limiter.rate_limiter,0,0,0
1398852679.559044,csv,apps.csv,0,0,0
1398852679.559044,tee,Tee,0,0,0
1398852679.559044,nic1,apps.intel.intel_app,0,0,0
1398852679.559044,filter,apps.packet_filter.packet_filter,0,0,0
1398852679.559044,nic2,apps.intel.intel_app,0,0,0
1398852680.556334,pcap,apps.pcap.pcap,0,0,0
1398852680.556334,sink2,Sink,0,0,0
1398852680.556334,repeat,Repeater,0,0,0
1398852680.556334,sink1,Sink,0,0,0
1398852680.556334,limit,apps.rate_limiter.rate_limiter,0,0,0
1398852680.556334,csv,apps.csv,0,0,0
1398852680.556334,tee,Tee,0,0,0
1398852680.556334,nic1,apps.intel.intel_app,0,0,0
1398852680.556334,filter,apps.packet_filter.packet_filter,0,0,0
1398852680.556334,nic2,apps.intel.intel_app,0,0,0
1398852681.558739,pcap,apps.pcap.pcap,0,0,0
1398852681.558739,sink2,Sink,0,0,0
1398852681.558739,repeat,Repeater,0,0,0
1398852681.558739,sink1,Sink,0,0,0
1398852681.558739,limit,apps.rate_limiter.rate_limiter,0,0,0
1398852681.558739,csv,apps.csv,0,0,0
1398852681.558739,tee,Tee,0,0,0
1398852681.558739,nic1,apps.intel.intel_app,0,0,0
1398852681.558739,filter,apps.packet_filter.packet_filter,0,0,0
1398852681.558739,nic2,apps.intel.intel_app,0,0,0
1398852682.556959,pcap,apps.pcap.pcap,0,0,0
1398852682.556959,sink2,Sink,0,0,0
1398852682.556959,repeat,Repeater,0,0,0
1398852682.556959,sink1,Sink,0,0,0
1398852682.556959,limit,apps.rate_limiter.rate_limiter,0,0,0
1398852682.556959,csv,apps.csv,0,0,0
1398852682.556959,tee,Tee,0,0,0
1398852682.556959,nic1,apps.intel.intel_app,0,0,0
1398852682.556959,filter,apps.packet_filter.packet_filter,0,0,0
1398852682.556959,nic2,apps.intel.intel_app,0,0,0
1398852683.558637,pcap,apps.pcap.pcap,0,0,0
1398852683.558637,sink2,Sink,0,0,0
1398852683.558637,repeat,Repeater,0,0,0
1398852683.558637,sink1,Sink,0,0,0
1398852683.558637,limit,apps.rate_limiter.rate_limiter,0,0,0
1398852683.558637,csv,apps.csv,0,0,0
1398852683.558637,tee,Tee,0,0,0
1398852683.558637,nic1,apps.intel.intel_app,0,0,0
1398852683.558637,filter,apps.packet_filter.packet_filter,0,0,0
1398852683.558637,nic2,apps.intel.intel_app,0,0,0
1398852684.558031,pcap,apps.pcap.pcap,0,0,0
1398852684.558031,sink2,Sink,0,0,0
1398852684.558031,repeat,Repeater,0,0,0
1398852684.558031,sink1,Sink,0,0,0
1398852684.558031,limit,apps.rate_limiter.rate_limiter,0,0,0
1398852684.558031,csv,apps.csv,0,0,0
1398852684.558031,tee,Tee,0,0,0
1398852684.558031,nic1,apps.intel.intel_app,0,0,0
1398852684.558031,filter,apps.packet_filter.packet_filter,0,0,0
1398852684.558031,nic2,apps.intel.intel_app,0,0,0
1398852685.557245,pcap,apps.pcap.pcap,0,0,0
1398852685.557245,sink2,Sink,0,0,0
1398852685.557245,repeat,Repeater,0,0,0
1398852685.557245,sink1,Sink,0,0,0
1398852685.557245,limit,apps.rate_limiter.rate_limiter,0,0,0
1398852685.557245,csv,apps.csv,0,0,0
1398852685.557245,tee,Tee,0,0,0
1398852685.557245,nic1,apps.intel.intel_app,0,0,0
1398852685.557245,filter,apps.packet_filter.packet_filter,0,0,0
1398852685.557245,nic2,apps.intel.intel_app,0,0,0
1398852686.558533,pcap,apps.pcap.pcap,0,0,0
1398852686.558533,sink2,Sink,0,0,0
1398852686.558533,repeat,Repeater,0,0,0
1398852686.558533,sink1,Sink,0,0,0
1398852686.558533,limit,apps.rate_limiter.rate_limiter,0,0,0
1398852686.558533,csv,apps.csv,0,0,0
1398852686.558533,tee,Tee,0,0,0
1398852686.558533,nic1,apps.intel.intel_app,0,0,0
1398852686.558533,filter,apps.packet_filter.packet_filter,0,0,0
1398852686.558533,nic2,apps.intel.intel_app,0,0,0
1398852687.559843,pcap,apps.pcap.pcap,0,0,0
1398852687.559843,sink2,Sink,0,0,0
1398852687.559843,repeat,Repeater,0,0,0
1398852687.559843,sink1,Sink,0,0,0
1398852687.559843,limit,apps.rate_limiter.rate_limiter,0,0,0
1398852687.559843,csv,apps.csv,0,0,0
1398852687.559843,tee,Tee,0,0,0
1398852687.559843,nic1,apps.intel.intel_app,0,0,0
1398852687.559843,filter,apps.packet_filter.packet_filter,0,0,0
1398852687.559843,nic2,apps.intel.intel_app,0,0,0
1398852688.559931,pcap,apps.pcap.pcap,0,0,0
1398852688.559931,sink2,Sink,0,0,0
1398852688.559931,repeat,Repeater,0,0,0
1398852688.559931,sink1,Sink,0,0,0
1398852688.559931,limit,apps.rate_limiter.rate_limiter,0,0,0
1398852688.559931,csv,apps.csv,0,0,0
1398852688.559931,tee,Tee,0,0,0
1398852688.559931,nic1,apps.intel.intel_app,0,0,0
1398852688.559931,filter,apps.packet_filter.packet_filter,0,0,0
1398852688.559931,nic2,apps.intel.intel_app,0,0,0
1398852689.558437,pcap,apps.pcap.pcap,0,0,0
1398852689.558437,sink2,Sink,0,0,0
1398852689.558437,repeat,Repeater,0,0,0
1398852689.558437,sink1,Sink,0,0,0
1398852689.558437,limit,apps.rate_limiter.rate_limiter,0,0,0
1398852689.558437,csv,apps.csv,0,0,0
1398852689.558437,tee,Tee,0,0,0
1398852689.558437,nic1,apps.intel.intel_app,0,0,0
1398852689.558437,filter,apps.packet_filter.packet_filter,0,0,0
1398852689.558437,nic2,apps.intel.intel_app,0,0,0
1398852690.558666,pcap,apps.pcap.pcap,0,0,0
1398852690.558666,sink2,Sink,0,0,0
1398852690.558666,repeat,Repeater,0,0,0
1398852690.558666,sink1,Sink,0,0,0
1398852690.558666,limit,apps.rate_limiter.rate_limiter,0,0,0
1398852690.558666,csv,apps.csv,0,0,0
1398852690.558666,tee,Tee,0,0,0
1398852690.558666,nic1,apps.intel.intel_app,0,0,0
1398852690.558666,filter,apps.packet_filter.packet_filter,0,0,0
1398852690.558666,nic2,apps.intel.intel_app,0,0,0
1398852691.559721,pcap,apps.pcap.pcap,0,0,0
1398852691.559721,sink2,Sink,0,0,0
1398852691.559721,repeat,Repeater,0,0,0
1398852691.559721,sink1,Sink,0,0,0
1398852691.559721,limit,apps.rate_limiter.rate_limiter,0,0,0
1398852691.559721,csv,apps.csv,0,0,0
1398852691.559721,tee,Tee,0,0,0
1398852691.559721,nic1,apps.intel.intel_app,0,0,0
1398852691.559721,filter,apps.packet_filter.packet_filter,0,0,0
1398852691.559721,nic2,apps.intel.intel_app,0,0,0
1398852692.556752,pcap,apps.pcap.pcap,0,0,0
1398852692.556752,sink2,Sink,0,0,0
1398852692.556752,repeat,Repeater,0,0,0
1398852692.556752,sink1,Sink,0,0,0
1398852692.556752,limit,apps.rate_limiter.rate_limiter,0,0,0
1398852692.556752,csv,apps.csv,0,0,0
1398852692.556752,tee,Tee,0,0,0
1398852692.556752,nic1,apps.intel.intel_app,0,0,0
1398852692.556752,filter,apps.packet_filter.packet_filter,0,0,0
1398852692.556752,nic2,apps.intel.intel_app,0,0,0
1398852693.558922,pcap,apps.pcap.pcap,0,0,0
1398852693.558922,sink2,Sink,0,0,0
1398852693.558922,repeat,Repeater,0,0,0
1398852693.558922,sink1,Sink,0,0,0
1398852693.558922,limit,apps.rate_limiter.rate_limiter,0,0,0
1398852693.558922,csv,apps.csv,0,0,0
1398852693.558922,tee,Tee,0,0,0
1398852693.558922,nic1,apps.intel.intel_app,0,0,0
1398852693.558922,filter,apps.packet_filter.packet_filter,0,0,0
1398852693.558922,nic2,apps.intel.intel_app,0,0,0
1398852694.560219,pcap,apps.pcap.pcap,0,0,0
1398852694.560219,sink2,Sink,0,0,0
1398852694.560219,repeat,Repeater,0,0,0
1398852694.560219,sink1,Sink,0,0,0
1398852694.560219,limit,apps.rate_limiter.rate_limiter,0,0,0
1398852694.560219,csv,apps.csv,0,0,0
1398852694.560219,tee,Tee,0,0,0
1398852694.560219,nic1,apps.intel.intel_app,0,0,0
1398852694.560219,filter,apps.packet_filter.packet_filter,0,0,0
1398852694.560219,nic2,apps.intel.intel_app,0,0,0
1398852695.556493,pcap,apps.pcap.pcap,0,0,0
1398852695.556493,sink2,Sink,0,0,0
1398852695.556493,repeat,Repeater,0,0,0
1398852695.556493,sink1,Sink,0,0,0
1398852695.556493,limit,apps.rate_limiter.rate_limiter,0,0,0
1398852695.556493,csv,apps.csv,0,0,0
1398852695.556493,tee,Tee,0,0,0
1398852695.556493,nic1,apps.intel.intel_app,0,0,0
1398852695.556493,filter,apps.packet_filter.packet_filter,0,0,0
1398852695.556493,nic2,apps.intel.intel_app,0,0,0
1398852696.559970,pcap,apps.pcap.pcap,0,0,0
1398852696.559970,sink2,Sink,0,0,0
1398852696.559970,repeat,Repeater,0,0,0
1398852696.559970,sink1,Sink,0,0,0
1398852696.559970,limit,apps.rate_limiter.rate_limiter,0,0,0
1398852696.559970,csv,apps.csv,0,0,0
1398852696.559970,tee,Tee,0,0,0
1398852696.559970,nic1,apps.intel.intel_app,0,0,0
1398852696.559970,filter,apps.packet_filter.packet_filter,0,0,0
1398852696.559970,nic2,apps.intel.intel_app,0,0,0
1398852697.557702,pcap,apps.pcap.pcap,0,0,0
1398852697.557702,sink2,Sink,0,0,0
1398852697.557702,repeat,Repeater,0,0,0
1398852697.557702,sink1,Sink,0,0,0
1398852697.557702,limit,apps.rate_limiter.rate_limiter,0,0,0
1398852697.557702,csv,apps.csv,0,0,0
1398852697.557702,tee,Tee,0,0,0
1398852697.557702,nic1,apps.intel.intel_app,0,0,0
1398852697.557702,filter,apps.packet_filter.packet_filter,0,0,0
1398852697.557702,nic2,apps.intel.intel_app,0,0,0
1398852698.558829,pcap,apps.pcap.pcap,0,0,0
1398852698.558829,sink2,Sink,0,0,0
1398852698.558829,repeat,Repeater,0,0,0
1398852698.558829,sink1,Sink,0,0,0
1398852698.558829,limit,apps.rate_limiter.rate_limiter,0,0,0
1398852698.558829,csv,apps.csv,0,0,0
1398852698.558829,tee,Tee,0,0,0
1398852698.558829,nic1,apps.intel.intel_app,0,0,0
1398852698.558829,filter,apps.packet_filter.packet_filter,0,0,0
1398852698.558829,nic2,apps.intel.intel_app,0,0,0
1398852699.557827,pcap,apps.pcap.pcap,0,0,0
1398852699.557827,sink2,Sink,0,0,0
1398852699.557827,repeat,Repeater,0,0,0
1398852699.557827,sink1,Sink,0,0,0
1398852699.557827,limit,apps.rate_limiter.rate_limiter,0,0,0
1398852699.557827,csv,apps.csv,0,0,0
1398852699.557827,tee,Tee,0,0,0
1398852699.557827,nic1,apps.intel.intel_app,0,0,0
1398852699.557827,filter,apps.packet_filter.packet_filter,0,0,0
1398852699.557827,nic2,apps.intel.intel_app,0,0,0
1398852700.558821,pcap,apps.pcap.pcap,0,0,0
1398852700.558821,sink2,Sink,0,0,0
1398852700.558821,repeat,Repeater,0,0,0
1398852700.558821,sink1,Sink,0,0,0
1398852700.558821,limit,apps.rate_limiter.rate_limiter,0,0,0
1398852700.558821,csv,apps.csv,0,0,0
1398852700.558821,tee,Tee,0,0,0
1398852700.558821,nic1,apps.intel.intel_app,0,0,0
1398852700.558821,filter,apps.packet_filter.packet_filter,0,0,0
1398852700.558821,nic2,apps.intel.intel_app,0,0,0
1398852701.559020,pcap,apps.pcap.pcap,0,0,0
1398852701.559020,sink2,Sink,0,0,0
1398852701.559020,repeat,Repeater,0,0,0
1398852701.559020,sink1,Sink,0,0,0
1398852701.559020,limit,apps.rate_limiter.rate_limiter,0,0,0
1398852701.559020,csv,apps.csv,0,0,0
1398852701.559020,tee,Tee,0,0,0
1398852701.559020,nic1,apps.intel.intel_app,0,0,0
1398852701.559020,filter,apps.packet_filter.packet_filter,0,0,0
1398852701.559020,nic2,apps.intel.intel_app,0,0,0
1398852702.561445,pcap,apps.pcap.pcap,0,0,0
1398852702.561445,sink2,Sink,0,0,0
1398852702.561445,repeat,Repeater,0,0,0
1398852702.561445,sink1,Sink,0,0,0
1398852702.561445,limit,apps.rate_limiter.rate_limiter,0,0,0
1398852702.561445,csv,apps.csv,0,0,0
1398852702.561445,tee,Tee,0,0,0
1398852702.561445,nic1,apps.intel.intel_app,0,0,0
1398852702.561445,filter,apps.packet_filter.packet_filter,0,0,0
1398852702.561445,nic2,apps.intel.intel_app,0,0,0
1398852703.560907,pcap,apps.pcap.pcap,0,0,0
1398852703.560907,sink2,Sink,0,0,0
1398852703.560907,repeat,Repeater,0,0,0
1398852703.560907,sink1,Sink,0,0,0
1398852703.560907,limit,apps.rate_limiter.rate_limiter,0,0,0
1398852703.560907,csv,apps.csv,0,0,0
1398852703.560907,tee,Tee,0,0,0
1398852703.560907,nic1,apps.intel.intel_app,0,0,0
1398852703.560907,filter,apps.packet_filter.packet_filter,0,0,0
1398852703.560907,nic2,apps.intel.intel_app,0,0,0
1398852704.559324,pcap,apps.pcap.pcap,0,0,0
1398852704.559324,sink2,Sink,0,0,0
1398852704.559324,repeat,Repeater,0,0,0
1398852704.559324,sink1,Sink,0,0,0
1398852704.559324,limit,apps.rate_limiter.rate_limiter,0,0,0
1398852704.559324,csv,apps.csv,0,0,0
1398852704.559324,tee,Tee,0,0,0
1398852704.559324,nic1,apps.intel.intel_app,0,0,0
1398852704.559324,filter,apps.packet_filter.packet_filter,0,0,0
1398852704.559324,nic2,apps.intel.intel_app,0,0,0
1398852705.558822,pcap,apps.pcap.pcap,0,0,0
1398852705.558822,sink2,Sink,0,0,0
1398852705.558822,repeat,Repeater,0,0,0
1398852705.558822,sink1,Sink,0,0,0
1398852705.558822,limit,apps.rate_limiter.rate_limiter,0,0,0
1398852705.558822,csv,apps.csv,0,0,0
1398852705.558822,tee,Tee,0,0,0
1398852705.558822,nic1,apps.intel.intel_app,0,0,0
1398852705.558822,filter,apps.packet_filter.packet_filter,0,0,0
1398852705.558822,nic2,apps.intel.intel_app,0,0,0
1398852706.556978,pcap,apps.pcap.pcap,0,0,0
1398852706.556978,sink2,Sink,0,0,0
1398852706.556978,repeat,Repeater,0,0,0
1398852706.556978,sink1,Sink,0,0,0
1398852706.556978,limit,apps.rate_limiter.rate_limiter,0,0,0
1398852706.556978,csv,apps.csv,0,0,0
1398852706.556978,tee,Tee,0,0,0
1398852706.556978,nic1,apps.intel.intel_app,0,0,0
1398852706.556978,filter,apps.packet_filter.packet_filter,0,0,0
1398852706.556978,nic2,apps.intel.intel_app,0,0,0
1398852707.560005,pcap,apps.pcap.pcap,0,0,0
1398852707.560005,sink2,Sink,0,0,0
1398852707.560005,repeat,Repeater,0,0,0
1398852707.560005,sink1,Sink,0,0,0
1398852707.560005,limit,apps.rate_limiter.rate_limiter,0,0,0
1398852707.560005,csv,apps.csv,0,0,0
1398852707.560005,tee,Tee,0,0,0
1398852707.560005,nic1,apps.intel.intel_app,0,0,0
1398852707.560005,filter,apps.packet_filter.packet_filter,0,0,0
1398852707.560005,nic2,apps.intel.intel_app,0,0,0
1398852708.559997,pcap,apps.pcap.pcap,0,0,0
1398852708.559997,sink2,Sink,0,0,0
1398852708.559997,repeat,Repeater,0,0,0
1398852708.559997,sink1,Sink,0,0,0
1398852708.559997,limit,apps.rate_limiter.rate_limiter,0,0,0
1398852708.559997,csv,apps.csv,0,0,0
1398852708.559997,tee,Tee,0,0,0
1398852708.559997,nic1,apps.intel.intel_app,0,0,0
1398852708.559997,filter,apps.packet_filter.packet_filter,0,0,0
1398852708.559997,nic2,apps.intel.intel_app,0,0,0
1398852709.558728,pcap,apps.pcap.pcap,0,0,0
1398852709.558728,sink2,Sink,0,0,0
1398852709.558728,repeat,Repeater,0,0,0
1398852709.558728,sink1,Sink,0,0,0
1398852709.558728,limit,apps.rate_limiter.rate_limiter,0,0,0
1398852709.558728,csv,apps.csv,0,0,0
1398852709.558728,tee,Tee,0,0,0
1398852709.558728,nic1,apps.intel.intel_app,0,0,0
1398852709.558728,filter,apps.packet_filter.packet_filter,0,0,0
1398852709.558728,nic2,apps.intel.intel_app,0,0,0
1398852710.556716,pcap,apps.pcap.pcap,0,0,0
1398852710.556716,sink2,Sink,0,0,0
1398852710.556716,repeat,Repeater,0,0,0
1398852710.556716,sink1,Sink,0,0,0
1398852710.556716,limit,apps.rate_limiter.rate_limiter,0,0,0
1398852710.556716,csv,apps.csv,0,0,0
1398852710.556716,tee,Tee,0,0,0
1398852710.556716,nic1,apps.intel.intel_app,0,0,0
1398852710.556716,filter,apps.packet_filter.packet_filter,0,0,0
1398852710.556716,nic2,apps.intel.intel_app,0,0,0
1398852711.560343,pcap,apps.pcap.pcap,0,0,0
1398852711.560343,sink2,Sink,0,0,0
1398852711.560343,repeat,Repeater,0,0,0
1398852711.560343,sink1,Sink,0,0,0
1398852711.560343,limit,apps.rate_limiter.rate_limiter,0,0,0
1398852711.560343,csv,apps.csv,0,0,0
1398852711.560343,tee,Tee,0,0,0
1398852711.560343,nic1,apps.intel.intel_app,0,0,0
1398852711.560343,filter,apps.packet_filter.packet_filter,0,0,0
1398852711.560343,nic2,apps.intel.intel_app,0,0,0
1398852712.558839,pcap,apps.pcap.pcap,0,0,0
1398852712.558839,sink2,Sink,0,0,0
1398852712.558839,repeat,Repeater,0,0,0
1398852712.558839,sink1,Sink,0,0,0
1398852712.558839,limit,apps.rate_limiter.rate_limiter,0,0,0
1398852712.558839,csv,apps.csv,0,0,0
1398852712.558839,tee,Tee,0,0,0
1398852712.558839,nic1,apps.intel.intel_app,0,0,0
1398852712.558839,filter,apps.packet_filter.packet_filter,0,0,0
1398852712.558839,nic2,apps.intel.intel_app,0,0,0
1398852713.556188,pcap,apps.pcap.pcap,0,0,0
1398852713.556188,sink2,Sink,0,0,0
1398852713.556188,repeat,Repeater,0,0,0
1398852713.556188,sink1,Sink,0,0,0
1398852713.556188,limit,apps.rate_limiter.rate_limiter,0,0,0
1398852713.556188,csv,apps.csv,0,0,0
1398852713.556188,tee,Tee,0,0,0
1398852713.556188,nic1,apps.intel.intel_app,0,0,0
1398852713.556188,filter,apps.packet_filter.packet_filter,0,0,0
1398852713.556188,nic2,apps.intel.intel_app,0,0,0
1398852714.559395,pcap,apps.pcap.pcap,0,0,0
1398852714.559395,sink2,Sink,0,0,0
1398852714.559395,repeat,Repeater,0,0,0
1398852714.559395,sink1,Sink,0,0,0
1398852714.559395,limit,apps.rate_limiter.rate_limiter,0,0,0
1398852714.559395,csv,apps.csv,0,0,0
1398852714.559395,tee,Tee,0,0,0
1398852714.559395,nic1,apps.intel.intel_app,0,0,0
1398852714.559395,filter,apps.packet_filter.packet_filter,0,0,0
1398852714.559395,nic2,apps.intel.intel_app,0,0,0
1398852715.559976,pcap,apps.pcap.pcap,0,0,0
1398852715.559976,sink2,Sink,0,0,0
1398852715.559976,repeat,Repeater,0,0,0
1398852715.559976,sink1,Sink,0,0,0
1398852715.559976,limit,apps.rate_limiter.rate_limiter,0,0,0
1398852715.559976,csv,apps.csv,0,0,0
1398852715.559976,tee,Tee,0,0,0
1398852715.559976,nic1,apps.intel.intel_app,0,0,0
1398852715.559976,filter,apps.packet_filter.packet_filter,0,0,0
1398852715.559976,nic2,apps.intel.intel_app,0,0,0
1398852716.557237,pcap,apps.pcap.pcap,0,0,0
1398852716.557237,sink2,Sink,0,0,0
1398852716.557237,repeat,Repeater,0,0,0
1398852716.557237,sink1,Sink,0,0,0
1398852716.557237,limit,apps.rate_limiter.rate_limiter,0,0,0
1398852716.557237,csv,apps.csv,0,0,0
1398852716.557237,tee,Tee,0,0,0
1398852716.557237,nic1,apps.intel.intel_app,0,0,0
1398852716.557237,filter,apps.packet_filter.packet_filter,0,0,0
1398852716.557237,nic2,apps.intel.intel_app,0,0,0
